dbname	dirname	taxid	assembly	varietas	species	genus	family	order	subclass	class	subphylum	phylum	subkingdom	kingdom	domain
agarBisp_VAR_BISPORUS_H97	Agar_bisp_var_bisporus_H97	936046	Agaricus bisporus var. bisporus H97	Agaricus bisporus var. bisporus	Agaricus bisporus	Agaricus	Agaricaceae	Agaricales	Agaricomycetidae	Agaricomycetes	Agaricomycotina	Basidiomycota	Dikarya	Fungi	Eukaryota
agarBisp_VAR_BURNETTII_JB137_S	Agar_bisp_var_burnettii_JB137_S8_JB137_s8	597362	Agaricus bisporus var. burnettii JB137-S8	Agaricus bisporus var. burnettii	Agaricus bisporus	Agaricus	Agaricaceae	Agaricales	Agaricomycetidae	Agaricomycetes	Agaricomycotina	Basidiomycota	Dikarya	Fungi	Eukaryota
alloMacr_ATCC38327	Allo_macr_ATCC_38327	578462	Allomyces macrogynus ATCC 38327		Allomyces macrogynus	Allomyces	Blastocladiaceae	Blastocladiales		Blastocladiomycetes		Blastocladiomycota		Fungi	Eukaryota
amanJack_TRTC168611	Aman_jack_TRTC168611	1417757	Amanita jacksonii TRTC168611		Amanita jacksonii	Amanita	Amanitaceae	Agaricales	Agaricomycetidae	Agaricomycetes	Agaricomycotina	Basidiomycota	Dikarya	Fungi	Eukaryota
anncAlge_PRA109	Annc_alge_PRA109	1240240	Anncaliia algerae PRA109		Anncaliia algerae	Anncaliia	Tubulinosematidae					Microsporidia		Fungi	Eukaryota
anncAlge_PRA339	Annc_alge_PRA339	1288291	Anncaliia algerae PRA339		Anncaliia algerae	Anncaliia	Tubulinosematidae					Microsporidia		Fungi	Eukaryota
arthBenh_CBS_112371	Arth_benh_CBS_112371	663331	Trichophyton benhamiae CBS 112371		Trichophyton benhamiae	Trichophyton	Arthrodermataceae	Onygenales	Eurotiomycetidae	Eurotiomycetes	Pezizomycotina	Ascomycota	Dikarya	Fungi	Eukaryota
arthOtae_CBS_113480	Arth_otae_CBS_113480	554155	Microsporum canis CBS 113480		Microsporum canis	Microsporum	Arthrodermataceae	Onygenales	Eurotiomycetidae	Eurotiomycetes	Pezizomycotina	Ascomycota	Dikarya	Fungi	Eukaryota
ascoApis_ARSEF_7405_USDA_ARSEF	Asco_apis_ARSEF_7405_USDA_ARSEF_7405	392613	Ascosphaera apis ARSEF 7405		Ascosphaera apis	Ascosphaera	Ascosphaeraceae	Onygenales	Eurotiomycetidae	Eurotiomycetes	Pezizomycotina	Ascomycota	Dikarya	Fungi	Eukaryota
ascoSarc_NRRL_50072	Asco_sarc_NRRL_50072	1016881	Ascocoryne sarcoides NRRL 50072		Ascocoryne sarcoides	Ascocoryne	Helotiaceae	Helotiales		Leotiomycetes	Pezizomycotina	Ascomycota	Dikarya	Fungi	Eukaryota
aspeClav_NRRL_1	Aspe_clav_NRRL_1	344612	Aspergillus clavatus NRRL 1		Aspergillus clavatus	Aspergillus	Aspergillaceae	Eurotiales	Eurotiomycetidae	Eurotiomycetes	Pezizomycotina	Ascomycota	Dikarya	Fungi	Eukaryota
aspeFlav_NRRL3357	Aspe_flav_NRRL3357	332952	Aspergillus flavus NRRL3357		Aspergillus flavus	Aspergillus	Aspergillaceae	Eurotiales	Eurotiomycetidae	Eurotiomycetes	Pezizomycotina	Ascomycota	Dikarya	Fungi	Eukaryota
aspeFumi_A1163	Aspe_fumi_A1163	451804	Aspergillus fumigatus A1163		Aspergillus fumigatus	Aspergillus	Aspergillaceae	Eurotiales	Eurotiomycetidae	Eurotiomycetes	Pezizomycotina	Ascomycota	Dikarya	Fungi	Eukaryota
aspeFumi_AF293	Aspe_fumi_Af293	330879	Aspergillus fumigatus Af293		Aspergillus fumigatus	Aspergillus	Aspergillaceae	Eurotiales	Eurotiomycetidae	Eurotiomycetes	Pezizomycotina	Ascomycota	Dikarya	Fungi	Eukaryota
aspeKawa_IFO_4308_IFO4308	Aspe_kawa_IFO_4308_IFO4308	1033177	Aspergillus kawachii IFO 4308		Aspergillus kawachii	Aspergillus	Aspergillaceae	Eurotiales	Eurotiomycetidae	Eurotiomycetes	Pezizomycotina	Ascomycota	Dikarya	Fungi	Eukaryota
aspeNidu_FGSC_A4	Aspe_nidu_FGSC_A4	227321	Aspergillus nidulans FGSC A4		Aspergillus nidulans	Aspergillus	Aspergillaceae	Eurotiales	Eurotiomycetidae	Eurotiomycetes	Pezizomycotina	Ascomycota	Dikarya	Fungi	Eukaryota
aspeNige_CBS_513_88	Aspe_nige_CBS_513_88	425011	Aspergillus niger CBS 513.88		Aspergillus niger	Aspergillus	Aspergillaceae	Eurotiales	Eurotiomycetidae	Eurotiomycetes	Pezizomycotina	Ascomycota	Dikarya	Fungi	Eukaryota
aspeNige_SH_2	Aspe_nige_SH_2	1316740	Aspergillus niger SH-2		Aspergillus niger	Aspergillus	Aspergillaceae	Eurotiales	Eurotiomycetidae	Eurotiomycetes	Pezizomycotina	Ascomycota	Dikarya	Fungi	Eukaryota
aspeOryz_RIB40	Aspe_oryz_RIB40	510516	Aspergillus oryzae RIB40		Aspergillus oryzae	Aspergillus	Aspergillaceae	Eurotiales	Eurotiomycetidae	Eurotiomycetes	Pezizomycotina	Ascomycota	Dikarya	Fungi	Eukaryota
aspeRube_CBS_135680	Aspe_rube_CBS_135680	1388766	Aspergillus ruber CBS 135680		Aspergillus ruber	Aspergillus	Aspergillaceae	Eurotiales	Eurotiomycetidae	Eurotiomycetes	Pezizomycotina	Ascomycota	Dikarya	Fungi	Eukaryota
aspeSoja_NBRC_4239	Aspe_soja_NBRC_4239	927772	Aspergillus sojae NBRC 4239		Aspergillus sojae	Aspergillus	Aspergillaceae	Eurotiales	Eurotiomycetidae	Eurotiomycetes	Pezizomycotina	Ascomycota	Dikarya	Fungi	Eukaryota
aspeTerr_NIH2624	Aspe_terr_NIH2624	341663	Aspergillus terreus NIH2624		Aspergillus terreus	Aspergillus	Aspergillaceae	Eurotiales	Eurotiomycetidae	Eurotiomycetes	Pezizomycotina	Ascomycota	Dikarya	Fungi	Eukaryota
batrDend_JAM81	Batr_dend_JAM81	684364	Batrachochytrium dendrobatidis JAM81		Batrachochytrium dendrobatidis	Batrachochytrium		Rhizophydiales		Chytridiomycetes		Chytridiomycota		Fungi	Eukaryota
batrDend_JEL423	Batr_dend_JEL423	403673	Batrachochytrium dendrobatidis JEL423		Batrachochytrium dendrobatidis	Batrachochytrium		Rhizophydiales		Chytridiomycetes		Chytridiomycota		Fungi	Eukaryota
baudComp_UAMH_10762	Baud_comp_UAMH_10762	717646	Baudoinia panamericana UAMH 10762		Baudoinia panamericana	Baudoinia	Teratosphaeriaceae	Capnodiales	Dothideomycetidae	Dothideomycetes	Pezizomycotina	Ascomycota	Dikarya	Fungi	Eukaryota
beauBass_ARSEF_2860	Beau_bass_ARSEF_2860	655819	Beauveria bassiana ARSEF 2860		Beauveria bassiana	Beauveria	Cordycipitaceae	Hypocreales	Hypocreomycetidae	Sordariomycetes	Pezizomycotina	Ascomycota	Dikarya	Fungi	Eukaryota
bipoMayd_ATCC48331	Bipo_mayd_ATCC_48331	665024	Bipolaris maydis ATCC 48331		Bipolaris maydis	Bipolaris	Pleosporaceae	Pleosporales	Pleosporomycetidae	Dothideomycetes	Pezizomycotina	Ascomycota	Dikarya	Fungi	Eukaryota
bipoMayd_C5	Bipo_mayd_C5	701091	Bipolaris maydis C5		Bipolaris maydis	Bipolaris	Pleosporaceae	Pleosporales	Pleosporomycetidae	Dothideomycetes	Pezizomycotina	Ascomycota	Dikarya	Fungi	Eukaryota
bipoSoro_ND90PR	Bipo_soro_ND90Pr	665912	Bipolaris sorokiniana ND90Pr		Bipolaris sorokiniana	Bipolaris	Pleosporaceae	Pleosporales	Pleosporomycetidae	Dothideomycetes	Pezizomycotina	Ascomycota	Dikarya	Fungi	Eukaryota
blasDerm_ATCC18187	Blas_derm_ATCC_18187	946394	Blastomyces dermatitidis ATCC 18187		Blastomyces dermatitidis	Blastomyces	Ajellomycetaceae	Onygenales	Eurotiomycetidae	Eurotiomycetes	Pezizomycotina	Ascomycota	Dikarya	Fungi	Eukaryota
blasDerm_ATCC18188	Blas_derm_ATCC_18188	653446	Blastomyces dermatitidis ATCC 18188		Blastomyces dermatitidis	Blastomyces	Ajellomycetaceae	Onygenales	Eurotiomycetidae	Eurotiomycetes	Pezizomycotina	Ascomycota	Dikarya	Fungi	Eukaryota
blasDerm_ATCC26199	Blas_derm_ATCC_26199	447095	Blastomyces dermatitidis ATCC 26199		Blastomyces dermatitidis	Blastomyces	Ajellomycetaceae	Onygenales	Eurotiomycetidae	Eurotiomycetes	Pezizomycotina	Ascomycota	Dikarya	Fungi	Eukaryota
blasDerm_ER_3	Blas_derm_ER_3	559297	Blastomyces dermatitidis ER-3		Blastomyces dermatitidis	Blastomyces	Ajellomycetaceae	Onygenales	Eurotiomycetidae	Eurotiomycetes	Pezizomycotina	Ascomycota	Dikarya	Fungi	Eukaryota
blasDerm_SLH14081	Blas_derm_SLH14081	559298	Blastomyces gilchristii SLH14081		Blastomyces gilchristii	Blastomyces	Ajellomycetaceae	Onygenales	Eurotiomycetidae	Eurotiomycetes	Pezizomycotina	Ascomycota	Dikarya	Fungi	Eukaryota
blumGram_F_SP_HORDEI_DH14	Blum_gram_f_hordei_DH14	546991	Blumeria graminis f. sp. hordei DH14		Blumeria graminis	Blumeria	Erysiphaceae	Erysiphales		Leotiomycetes	Pezizomycotina	Ascomycota	Dikarya	Fungi	Eukaryota
blumGram_F_SP_TRITICI_94202	Blum_gram_f_tritici_94202	1306135	Blumeria graminis f. sp. tritici 94202		Blumeria graminis	Blumeria	Erysiphaceae	Erysiphales		Leotiomycetes	Pezizomycotina	Ascomycota	Dikarya	Fungi	Eukaryota
blumGram_F_SP_TRITICI_96224	Blum_gram_f_tritici_96224	1268274	Blumeria graminis f. sp. tritici 96224		Blumeria graminis	Blumeria	Erysiphaceae	Erysiphales		Leotiomycetes	Pezizomycotina	Ascomycota	Dikarya	Fungi	Eukaryota
blumGram_F_SP_TRITICI_JIW2	Blum_gram_f_tritici_JIW2	1306134	Blumeria graminis f. sp. tritici JIW2		Blumeria graminis	Blumeria	Erysiphaceae	Erysiphales		Leotiomycetes	Pezizomycotina	Ascomycota	Dikarya	Fungi	Eukaryota
botrBotr_FD_172_SS1	Botr_botr_FD_172_SS1	930990	Botryobasidium botryosum FD-172 SS1		Botryobasidium botryosum	Botryobasidium	Botryobasidiaceae	Cantharellales		Agaricomycetes	Agaricomycotina	Basidiomycota	Dikarya	Fungi	Eukaryota
botrCine_B05_10	Botr_cine_B05_10	332648	Botrytis cinerea B05.10		Botrytis cinerea	Botrytis	Sclerotiniaceae	Helotiales		Leotiomycetes	Pezizomycotina	Ascomycota	Dikarya	Fungi	Eukaryota
botrCine_BCDW1	Botr_cine_BcDW1	1290391	Botrytis cinerea BcDW1		Botrytis cinerea	Botrytis	Sclerotiniaceae	Helotiales		Leotiomycetes	Pezizomycotina	Ascomycota	Dikarya	Fungi	Eukaryota
botrCine_T4	Botr_cine_T4	999810	Botrytis cinerea T4		Botrytis cinerea	Botrytis	Sclerotiniaceae	Helotiales		Leotiomycetes	Pezizomycotina	Ascomycota	Dikarya	Fungi	Eukaryota
candAlbi_3153A	Cand_albi_3153A	1182531	Candida albicans 3153A		Candida albicans	Candida	Debaryomycetaceae	Saccharomycetales		Saccharomycetes	Saccharomycotina	Ascomycota	Dikarya	Fungi	Eukaryota
candAlbi_A123	Cand_albi_A123	1182537	Candida albicans A123		Candida albicans	Candida	Debaryomycetaceae	Saccharomycetales		Saccharomycetes	Saccharomycotina	Ascomycota	Dikarya	Fungi	Eukaryota
candAlbi_A155	Cand_albi_A155	1182538	Candida albicans A155		Candida albicans	Candida	Debaryomycetaceae	Saccharomycetales		Saccharomycetes	Saccharomycotina	Ascomycota	Dikarya	Fungi	Eukaryota
candAlbi_A20	Cand_albi_A20	1182533	Candida albicans A20		Candida albicans	Candida	Debaryomycetaceae	Saccharomycetales		Saccharomycetes	Saccharomycotina	Ascomycota	Dikarya	Fungi	Eukaryota
candAlbi_A203	Cand_albi_A203	1182540	Candida albicans A203		Candida albicans	Candida	Debaryomycetaceae	Saccharomycetales		Saccharomycetes	Saccharomycotina	Ascomycota	Dikarya	Fungi	Eukaryota
candAlbi_A48	Cand_albi_A48	1182534	Candida albicans A48		Candida albicans	Candida	Debaryomycetaceae	Saccharomycetales		Saccharomycetes	Saccharomycotina	Ascomycota	Dikarya	Fungi	Eukaryota
candAlbi_A67	Cand_albi_A67	1182535	Candida albicans A67		Candida albicans	Candida	Debaryomycetaceae	Saccharomycetales		Saccharomycetes	Saccharomycotina	Ascomycota	Dikarya	Fungi	Eukaryota
candAlbi_A84	Cand_albi_A84	1182539	Candida albicans A84		Candida albicans	Candida	Debaryomycetaceae	Saccharomycetales		Saccharomycetes	Saccharomycotina	Ascomycota	Dikarya	Fungi	Eukaryota
candAlbi_A92	Cand_albi_A92	1182536	Candida albicans A92		Candida albicans	Candida	Debaryomycetaceae	Saccharomycetales		Saccharomycetes	Saccharomycotina	Ascomycota	Dikarya	Fungi	Eukaryota
candAlbi_CHN1	Cand_albi_CHN1	1182532	Candida albicans CHN1		Candida albicans	Candida	Debaryomycetaceae	Saccharomycetales		Saccharomycetes	Saccharomycotina	Ascomycota	Dikarya	Fungi	Eukaryota
candAlbi_CA529L	Cand_albi_Ca529L	1325634	Candida albicans Ca529L		Candida albicans	Candida	Debaryomycetaceae	Saccharomycetales		Saccharomycetes	Saccharomycotina	Ascomycota	Dikarya	Fungi	Eukaryota
candAlbi_WO_1	Cand_albi_WO_1	294748	Candida albicans WO-1		Candida albicans	Candida	Debaryomycetaceae	Saccharomycetales		Saccharomycetes	Saccharomycotina	Ascomycota	Dikarya	Fungi	Eukaryota
candDubl_CD36	Cand_dubl_CD36	573826	Candida dubliniensis CD36		Candida dubliniensis	Candida	Debaryomycetaceae	Saccharomycetales		Saccharomycetes	Saccharomycotina	Ascomycota	Dikarya	Fungi	Eukaryota
candGlab_CBS_138	Cand_glab_CBS_138	5478	[Candida] glabrata		[Candida] glabrata	Nakaseomyces	Saccharomycetaceae	Saccharomycetales		Saccharomycetes	Saccharomycotina	Ascomycota	Dikarya	Fungi	Eukaryota
candOrth_CO_90_125	Cand_orth_Co_90_125	273371	Candida orthopsilosis		Candida orthopsilosis	Candida	Debaryomycetaceae	Saccharomycetales		Saccharomycetes	Saccharomycotina	Ascomycota	Dikarya	Fungi	Eukaryota
candTrop_121	Cand_trop_121	5482	Candida tropicalis		Candida tropicalis	Candida	Debaryomycetaceae	Saccharomycetales		Saccharomycetes	Saccharomycotina	Ascomycota	Dikarya	Fungi	Eukaryota
candTrop_MYA_3404	Cand_trop_MYA_3404	294747	Candida tropicalis MYA-3404		Candida tropicalis	Candida	Debaryomycetaceae	Saccharomycetales		Saccharomycetes	Saccharomycotina	Ascomycota	Dikarya	Fungi	Eukaryota
caprSemi_CBS_27337	Capr_semi_CBS_27337	5601	Phialophora americana		Phialophora americana	Phialophora	Herpotrichiellaceae	Chaetothyriales	Chaetothyriomycetidae	Eurotiomycetes	Pezizomycotina	Ascomycota	Dikarya	Fungi	Eukaryota
ceraBras_YEAST_LIKE_SYMBIONT	Cera_bras_yeast_like_symbiont	1202554	Cerataphis brasiliensis yeast-like symbiont		Cerataphis brasiliensis yeast-like symbiont							Ascomycota	Dikarya	Fungi	Eukaryota
chaeGlob_CBS_148_51	Chae_glob_CBS_148_51	306901	Chaetomium globosum CBS 148.51		Chaetomium globosum	Chaetomium	Chaetomiaceae	Sordariales	Sordariomycetidae	Sordariomycetes	Pezizomycotina	Ascomycota	Dikarya	Fungi	Eukaryota
chaeTher_VAR_THERMOPHILUM_DSM1	Chae_ther_var_thermophilum_DSM_1495	759272	Chaetomium thermophilum var. thermophilum DSM 1495	Chaetomium thermophilum var. thermophilum	Chaetomium thermophilum	Chaetomium	Chaetomiaceae	Sordariales	Sordariomycetidae	Sordariomycetes	Pezizomycotina	Ascomycota	Dikarya	Fungi	Eukaryota
cladBant_CBS_173_52	Clad_bant_CBS_173_52	1442370	Cladophialophora bantiana CBS 173.52		Cladophialophora bantiana	Cladophialophora	Herpotrichiellaceae	Chaetothyriales	Chaetothyriomycetidae	Eurotiomycetes	Pezizomycotina	Ascomycota	Dikarya	Fungi	Eukaryota
cladCarr_CBS_160_54	Clad_carr_CBS_160_54	1279043	Cladophialophora carrionii CBS 160.54		Cladophialophora carrionii	Cladophialophora	Herpotrichiellaceae	Chaetothyriales	Chaetothyriomycetidae	Eurotiomycetes	Pezizomycotina	Ascomycota	Dikarya	Fungi	Eukaryota
cladImmu_CBS_83496	Clad_immu_CBS_83496	569365	Cladophialophora immunda		Cladophialophora immunda	Cladophialophora	Herpotrichiellaceae	Chaetothyriales	Chaetothyriomycetidae	Eurotiomycetes	Pezizomycotina	Ascomycota	Dikarya	Fungi	Eukaryota
cladMaci_KOLRI003786	Clad_maci_KoLRI003786	1353983	Cladonia macilenta KoLRI003786		Cladonia macilenta	Cladonia	Cladoniaceae	Lecanorales	Lecanoromycetidae	Lecanoromycetes	Pezizomycotina	Ascomycota	Dikarya	Fungi	Eukaryota
cladMeta_KOLRI002260	Clad_meta_KoLRI002260	1400770	Cladonia metacorallifera KoLRI002260		Cladonia metacorallifera	Cladonia	Cladoniaceae	Lecanorales	Lecanoromycetidae	Lecanoromycetes	Pezizomycotina	Ascomycota	Dikarya	Fungi	Eukaryota
cladSpha_UM_843	Clad_spha_UM_843	1151026	Cladosporium sphaerospermum UM 843		Cladosporium sphaerospermum	Cladosporium	Cladosporiaceae	Capnodiales	Dothideomycetidae	Dothideomycetes	Pezizomycotina	Ascomycota	Dikarya	Fungi	Eukaryota
clavLusi_ATCC42720	Clav_lusi_ATCC_42720	306902	Clavispora lusitaniae ATCC 42720		Clavispora lusitaniae	Clavispora	Metschnikowiaceae	Saccharomycetales		Saccharomycetes	Saccharomycotina	Ascomycota	Dikarya	Fungi	Eukaryota
coccImmi_H538_4	Cocc_immi_H538_4	396776	Coccidioides immitis H538.4		Coccidioides immitis	Coccidioides		Onygenales	Eurotiomycetidae	Eurotiomycetes	Pezizomycotina	Ascomycota	Dikarya	Fungi	Eukaryota
coccImmi_RMSCC_2394	Cocc_immi_RMSCC_2394	404692	Coccidioides immitis RMSCC 2394		Coccidioides immitis	Coccidioides		Onygenales	Eurotiomycetidae	Eurotiomycetes	Pezizomycotina	Ascomycota	Dikarya	Fungi	Eukaryota
coccImmi_RMSCC_3703	Cocc_immi_RMSCC_3703	454286	Coccidioides immitis RMSCC 3703		Coccidioides immitis	Coccidioides		Onygenales	Eurotiomycetidae	Eurotiomycetes	Pezizomycotina	Ascomycota	Dikarya	Fungi	Eukaryota
coccImmi_RS	Cocc_immi_RS	246410	Coccidioides immitis RS		Coccidioides immitis	Coccidioides		Onygenales	Eurotiomycetidae	Eurotiomycetes	Pezizomycotina	Ascomycota	Dikarya	Fungi	Eukaryota
coccPosa_C735_DELTA_SOWGP	Cocc_posa_C735_delta_SOWgp	222929	Coccidioides posadasii C735 delta SOWgp		Coccidioides posadasii	Coccidioides		Onygenales	Eurotiomycetidae	Eurotiomycetes	Pezizomycotina	Ascomycota	Dikarya	Fungi	Eukaryota
coccPosa_CPA_0001	Cocc_posa_CPA_0001	469472	Coccidioides posadasii CPA 0001		Coccidioides posadasii	Coccidioides		Onygenales	Eurotiomycetidae	Eurotiomycetes	Pezizomycotina	Ascomycota	Dikarya	Fungi	Eukaryota
coccPosa_CPA_0020	Cocc_posa_CPA_0020	490068	Coccidioides posadasii CPA 0020		Coccidioides posadasii	Coccidioides		Onygenales	Eurotiomycetidae	Eurotiomycetes	Pezizomycotina	Ascomycota	Dikarya	Fungi	Eukaryota
coccPosa_CPA_0066	Cocc_posa_CPA_0066	490069	Coccidioides posadasii CPA 0066		Coccidioides posadasii	Coccidioides		Onygenales	Eurotiomycetidae	Eurotiomycetes	Pezizomycotina	Ascomycota	Dikarya	Fungi	Eukaryota
coccPosa_RMSCC_1037	Cocc_posa_RMSCC_1037	490065	Coccidioides posadasii RMSCC 1037		Coccidioides posadasii	Coccidioides		Onygenales	Eurotiomycetidae	Eurotiomycetes	Pezizomycotina	Ascomycota	Dikarya	Fungi	Eukaryota
coccPosa_RMSCC_1038	Cocc_posa_RMSCC_1038	490066	Coccidioides posadasii RMSCC 1038		Coccidioides posadasii	Coccidioides		Onygenales	Eurotiomycetidae	Eurotiomycetes	Pezizomycotina	Ascomycota	Dikarya	Fungi	Eukaryota
coccPosa_RMSCC_2133	Cocc_posa_RMSCC_2133	469470	Coccidioides posadasii RMSCC 2133		Coccidioides posadasii	Coccidioides		Onygenales	Eurotiomycetidae	Eurotiomycetes	Pezizomycotina	Ascomycota	Dikarya	Fungi	Eukaryota
coccPosa_RMSCC_3488	Cocc_posa_RMSCC_3488	454284	Coccidioides posadasii RMSCC 3488		Coccidioides posadasii	Coccidioides		Onygenales	Eurotiomycetidae	Eurotiomycetes	Pezizomycotina	Ascomycota	Dikarya	Fungi	Eukaryota
coccPosa_RMSCC_3700	Cocc_posa_RMSCC_3700	469471	Coccidioides posadasii RMSCC 3700		Coccidioides posadasii	Coccidioides		Onygenales	Eurotiomycetidae	Eurotiomycetes	Pezizomycotina	Ascomycota	Dikarya	Fungi	Eukaryota
coccPosa_SILVEIRA	Cocc_posa_Silveira	443226	Coccidioides posadasii str. Silveira		Coccidioides posadasii	Coccidioides		Onygenales	Eurotiomycetidae	Eurotiomycetes	Pezizomycotina	Ascomycota	Dikarya	Fungi	Eukaryota
collGram_M1_001	Coll_gram_M1_001	645133	Colletotrichum graminicola M1.001		Colletotrichum graminicola	Colletotrichum	Glomerellaceae	Glomerellales	Hypocreomycetidae	Sordariomycetes	Pezizomycotina	Ascomycota	Dikarya	Fungi	Eukaryota
collOrbi_MAFF_240422	Coll_orbi_MAFF_240422	1213857	Colletotrichum orbiculare MAFF 240422		Colletotrichum orbiculare	Colletotrichum	Glomerellaceae	Glomerellales	Hypocreomycetidae	Sordariomycetes	Pezizomycotina	Ascomycota	Dikarya	Fungi	Eukaryota
coniPute_RWD_64_598_SS2	Coni_pute_RWD_64_598_SS2	741705	Coniophora puteana RWD-64-598 SS2		Coniophora puteana	Coniophora	Coniophoraceae	Boletales	Agaricomycetidae	Agaricomycetes	Agaricomycotina	Basidiomycota	Dikarya	Fungi	Eukaryota
cordMili_CM01	Cord_mili_CM01	983644	Cordyceps militaris CM01		Cordyceps militaris	Cordyceps	Cordycipitaceae	Hypocreales	Hypocreomycetidae	Sordariomycetes	Pezizomycotina	Ascomycota	Dikarya	Fungi	Eukaryota
cronComa_C4	Cron_coma_C4	1301515	Cronartium comandrae C4		Cronartium comandrae	Cronartium	Cronartiaceae	Pucciniales		Pucciniomycetes	Pucciniomycotina	Basidiomycota	Dikarya	Fungi	Eukaryota
cronQuer_F_SP_BANKSIANAE_CQE3W	Cron_quer_f_banksianae_CqE3WM	1301520	Cronartium quercuum f. sp. banksianae CqE3WM		Cronartium quercuum	Cronartium	Cronartiaceae	Pucciniales		Pucciniomycetes	Pucciniomycotina	Basidiomycota	Dikarya	Fungi	Eukaryota
cronRibi_11_2	Cron_ribi_11_2	1301521	Cronartium ribicola 11-2		Cronartium ribicola	Cronartium	Cronartiaceae	Pucciniales		Pucciniomycetes	Pucciniomycotina	Basidiomycota	Dikarya	Fungi	Eukaryota
crypBest_CBS_10118	Cryp_best_CBS_10118	1296100	Kwoniella bestiolae CBS 10118		Kwoniella bestiolae	Kwoniella	Cryptococcaceae	Tremellales		Tremellomycetes	Agaricomycotina	Basidiomycota	Dikarya	Fungi	Eukaryota
crypDeje_CBS_10117	Cryp_deje_CBS_10117	1296121	Kwoniella dejecticola CBS 10117		Kwoniella dejecticola	Kwoniella	Cryptococcaceae	Tremellales		Tremellomycetes	Agaricomycotina	Basidiomycota	Dikarya	Fungi	Eukaryota
crypGatt_2001_935_1	Cryp_gatt_2001_935_1	1334442	Cryptococcus gattii VGII 2001/935-1		Cryptococcus gattii VGII	Cryptococcus	Cryptococcaceae	Tremellales		Tremellomycetes	Agaricomycotina	Basidiomycota	Dikarya	Fungi	Eukaryota
crypGatt_99_473	Cryp_gatt_99_473	1296104	Cryptococcus gattii VGII 99/473		Cryptococcus gattii VGII	Cryptococcus	Cryptococcaceae	Tremellales		Tremellomycetes	Agaricomycotina	Basidiomycota	Dikarya	Fungi	Eukaryota
crypGatt_CA1014	Cryp_gatt_CA1014	1296107	Cryptococcus gattii VGII CA1014		Cryptococcus gattii VGII	Cryptococcus	Cryptococcaceae	Tremellales		Tremellomycetes	Agaricomycotina	Basidiomycota	Dikarya	Fungi	Eukaryota
crypGatt_CA1280	Cryp_gatt_CA1280	1296109	Cryptococcus gattii CA1280		Cryptococcus gattii VGIII	Cryptococcus	Cryptococcaceae	Tremellales		Tremellomycetes	Agaricomycotina	Basidiomycota	Dikarya	Fungi	Eukaryota
crypGatt_CA1873	Cryp_gatt_CA1873	1296111	Cryptococcus gattii CA1873		Cryptococcus gattii VGIII	Cryptococcus	Cryptococcaceae	Tremellales		Tremellomycetes	Agaricomycotina	Basidiomycota	Dikarya	Fungi	Eukaryota
crypGatt_CBS_10090	Cryp_gatt_CBS_10090	1296101	Cryptococcus gattii VGII CBS 10090		Cryptococcus gattii VGII	Cryptococcus	Cryptococcaceae	Tremellales		Tremellomycetes	Agaricomycotina	Basidiomycota	Dikarya	Fungi	Eukaryota
crypGatt_CBS_7750	Cryp_gatt_CBS_7750	1385412	Cryptococcus gattii VGII CBS 7750		Cryptococcus gattii VGII	Cryptococcus	Cryptococcaceae	Tremellales		Tremellomycetes	Agaricomycotina	Basidiomycota	Dikarya	Fungi	Eukaryota
crypGatt_E566	Cryp_gatt_E566	1296102	Cryptococcus gattii E566		Cryptococcus gattii VGI	Cryptococcus	Cryptococcaceae	Tremellales		Tremellomycetes	Agaricomycotina	Basidiomycota	Dikarya	Fungi	Eukaryota
crypGatt_EJB2	Cryp_gatt_EJB2	1296103	Cryptococcus gattii EJB2		Cryptococcus gattii VGI	Cryptococcus	Cryptococcaceae	Tremellales		Tremellomycetes	Agaricomycotina	Basidiomycota	Dikarya	Fungi	Eukaryota
crypGatt_IND107	Cryp_gatt_IND107	1296105	Cryptococcus gattii VGIV IND107		Cryptococcus gattii VGIV	Cryptococcus	Cryptococcaceae	Tremellales		Tremellomycetes	Agaricomycotina	Basidiomycota	Dikarya	Fungi	Eukaryota
crypGatt_LA55	Cryp_gatt_LA55	1296106	Cryptococcus gattii VGII LA55		Cryptococcus gattii VGII	Cryptococcus	Cryptococcaceae	Tremellales		Tremellomycetes	Agaricomycotina	Basidiomycota	Dikarya	Fungi	Eukaryota
crypGatt_MMRL2647	Cryp_gatt_MMRL2647	1296117	Cryptococcus gattii VGII MMRL2647		Cryptococcus gattii VGII	Cryptococcus	Cryptococcaceae	Tremellales		Tremellomycetes	Agaricomycotina	Basidiomycota	Dikarya	Fungi	Eukaryota
crypGatt_NT_10	Cryp_gatt_NT_10	1296108	Cryptococcus gattii NT-10		Cryptococcus gattii VGI	Cryptococcus	Cryptococcaceae	Tremellales		Tremellomycetes	Agaricomycotina	Basidiomycota	Dikarya	Fungi	Eukaryota
crypGatt_R265	Cryp_gatt_R265	552467	Cryptococcus gattii VGIII		Cryptococcus gattii VGIII	Cryptococcus	Cryptococcaceae	Tremellales		Tremellomycetes	Agaricomycotina	Basidiomycota	Dikarya	Fungi	Eukaryota
crypGatt_RAM5	Cryp_gatt_Ram5	1296110	Cryptococcus gattii VGII Ram5		Cryptococcus gattii VGII	Cryptococcus	Cryptococcaceae	Tremellales		Tremellomycetes	Agaricomycotina	Basidiomycota	Dikarya	Fungi	Eukaryota
crypGatt_RU294	Cryp_gatt_Ru294	1296112	Cryptococcus gattii Ru294		Cryptococcus gattii VGI	Cryptococcus	Cryptococcaceae	Tremellales		Tremellomycetes	Agaricomycotina	Basidiomycota	Dikarya	Fungi	Eukaryota
crypGatt_WM276	Cryp_gatt_WM276	367775	Cryptococcus gattii WM276		Cryptococcus gattii VGI	Cryptococcus	Cryptococcaceae	Tremellales		Tremellomycetes	Agaricomycotina	Basidiomycota	Dikarya	Fungi	Eukaryota
crypNeof_VAR_GRUBII_H99	Cryp_neof_var_grubii_H99	235443	Cryptococcus neoformans var. grubii H99	Cryptococcus neoformans var. grubii	Cryptococcus neoformans	Cryptococcus	Cryptococcaceae	Tremellales		Tremellomycetes	Agaricomycotina	Basidiomycota	Dikarya	Fungi	Eukaryota
crypNeof_VAR_NEOFORMANS_B_3501	Cryp_neof_var_neoformans_B_3501A	283643	Cryptococcus neoformans var. neoformans B-3501A	Cryptococcus neoformans var. neoformans	Cryptococcus neoformans	Cryptococcus	Cryptococcaceae	Tremellales		Tremellomycetes	Agaricomycotina	Basidiomycota	Dikarya	Fungi	Eukaryota
crypNeof_VAR_NEOFORMANS_JEC21	Cryp_neof_var_neoformans_JEC21	214684	Cryptococcus neoformans var. neoformans JEC21	Cryptococcus neoformans var. neoformans	Cryptococcus neoformans	Cryptococcus	Cryptococcaceae	Tremellales		Tremellomycetes	Agaricomycotina	Basidiomycota	Dikarya	Fungi	Eukaryota
crypPinu_CBS_10737	Cryp_pinu_CBS_10737	1296096	Kwoniella pini CBS 10737		Kwoniella pini	Kwoniella	Cryptococcaceae	Tremellales		Tremellomycetes	Agaricomycotina	Basidiomycota	Dikarya	Fungi	Eukaryota
curvLuna_CX_3	Curv_luna_CX_3	1263492	Curvularia lunata CX-3		Curvularia lunata	Curvularia	Pleosporaceae	Pleosporales	Pleosporomycetidae	Dothideomycetes	Pezizomycotina	Ascomycota	Dikarya	Fungi	Eukaryota
cybeJadi_NBRC_0988_NBRC0988	Cybe_jadi_NBRC_0988_NBRC0988	1128122	Cyberlindnera jadinii NBRC 0988		Cyberlindnera jadinii	Cyberlindnera	Phaffomycetaceae	Saccharomycetales		Saccharomycetes	Saccharomycotina	Ascomycota	Dikarya	Fungi	Eukaryota
cyliTorr_FP15055_SS_10	Cyli_torr_FP15055_ss_10	1314674	Cylindrobasidium torrendii FP15055 ss-10		Cylindrobasidium torrendii	Cylindrobasidium	Physalacriaceae	Agaricales	Agaricomycetidae	Agaricomycetes	Agaricomycotina	Basidiomycota	Dikarya	Fungi	Eukaryota
cyphEuro_CBS_101466	Cyph_euro_CBS_101466	1220924	Cyphellophora europaea CBS 101466		Cyphellophora europaea	Cyphellophora	Cyphellophoraceae	Chaetothyriales	Chaetothyriomycetidae	Eurotiomycetes	Pezizomycotina	Ascomycota	Dikarya	Fungi	Eukaryota
dactHapt_CBS_200_50	Dact_hapt_CBS_200_50	1284197	Dactylellina haptotyla CBS 200.50		Dactylellina haptotyla	Dactylellina	Orbiliaceae	Orbiliales		Orbiliomycetes	Pezizomycotina	Ascomycota	Dikarya	Fungi	Eukaryota
debaHans_CBS767	Deba_hans_CBS767	284592	Debaryomyces hansenii CBS767	Debaryomyces hansenii var. hansenii	Debaryomyces hansenii	Debaryomyces	Debaryomycetaceae	Saccharomycetales		Saccharomycetes	Saccharomycotina	Ascomycota	Dikarya	Fungi	Eukaryota
drecSten_248	Drec_sten_248	1043628	Drechslerella stenobrocha 248		Drechslerella stenobrocha	Drechslerella	Orbiliaceae	Orbiliales		Orbiliomycetes	Pezizomycotina	Ascomycota	Dikarya	Fungi	Eukaryota
enceCuni_GB_M1	Ence_cuni_GB_M1	284813	Encephalitozoon cuniculi GB-M1		Encephalitozoon cuniculi	Encephalitozoon	Unikaryonidae					Microsporidia		Fungi	Eukaryota
enceHell_ATCC50504	Ence_hell_ATCC_50504	907965	Encephalitozoon hellem ATCC 50504		Encephalitozoon hellem	Encephalitozoon	Unikaryonidae					Microsporidia		Fungi	Eukaryota
enceInte_ATCC50506	Ence_inte_ATCC_50506	876142	Encephalitozoon intestinalis ATCC 50506		Encephalitozoon intestinalis	Encephalitozoon	Unikaryonidae					Microsporidia		Fungi	Eukaryota
enceRoma_SJ_2008	Ence_roma_SJ_2008	1178016	Encephalitozoon romaleae SJ-2008		Encephalitozoon romaleae	Encephalitozoon	Unikaryonidae					Microsporidia		Fungi	Eukaryota
endoHark_PHW48OC	Endo_hark_PhW48OC	1300066	Endocronartium harknessii PhW48OC		Endocronartium harknessii	Endocronartium	Cronartiaceae	Pucciniales		Pucciniomycetes	Pucciniomycotina	Basidiomycota	Dikarya	Fungi	Eukaryota
endoPusi_KOLRI_NO_LF000583	Endo_pusi_KoLRI_No_LF000583	364733	Endocarpon pusillum		Endocarpon pusillum	Endocarpon	Verrucariaceae	Verrucariales	Chaetothyriomycetidae	Eurotiomycetes	Pezizomycotina	Ascomycota	Dikarya	Fungi	Eukaryota
endoPusi_Z07020	Endo_pusi_Z07020	1263415	Endocarpon pusillum Z07020		Endocarpon pusillum	Endocarpon	Verrucariaceae	Verrucariales	Chaetothyriomycetidae	Eurotiomycetes	Pezizomycotina	Ascomycota	Dikarya	Fungi	Eukaryota
enteBien_H348	Ente_bien_H348	481877	Enterocytozoon bieneusi H348		Enterocytozoon bieneusi	Enterocytozoon	Enterocytozoonidae					Microsporidia		Fungi	Eukaryota
epicFest_E2368	Epic_fest_E2368	696363	Epichloe festucae E2368		Epichloe festucae	Epichloe	Clavicipitaceae	Hypocreales	Hypocreomycetidae	Sordariomycetes	Pezizomycotina	Ascomycota	Dikarya	Fungi	Eukaryota
epicFest_FL1	Epic_fest_Fl1	877507	Epichloe festucae Fl1		Epichloe festucae	Epichloe	Clavicipitaceae	Hypocreales	Hypocreomycetidae	Sordariomycetes	Pezizomycotina	Ascomycota	Dikarya	Fungi	Eukaryota
eremCymb_DBVPG#7215	Erem_cymb_DBVPG#7215	931890	Eremothecium cymbalariae DBVPG#7215		Eremothecium cymbalariae	Eremothecium	Saccharomycetaceae	Saccharomycetales		Saccharomycetes	Saccharomycotina	Ascomycota	Dikarya	Fungi	Eukaryota
eutyLata_UCREL1	Euty_lata_UCREL1	1287681	Eutypa lata UCREL1		Eutypa lata	Eutypa	Diatrypaceae	Xylariales	Xylariomycetidae	Sordariomycetes	Pezizomycotina	Ascomycota	Dikarya	Fungi	Eukaryota
exopDerm_NIH_UT8656	Exop_derm_NIH_UT8656	858893	Exophiala dermatitidis NIH/UT8656		Exophiala dermatitidis	Exophiala	Herpotrichiellaceae	Chaetothyriales	Chaetothyriomycetidae	Eurotiomycetes	Pezizomycotina	Ascomycota	Dikarya	Fungi	Eukaryota
exopMeso_CBS_40295	Exop_meso_CBS_40295	212818	Exophiala mesophila		Exophiala mesophila	Exophiala	Herpotrichiellaceae	Chaetothyriales	Chaetothyriomycetidae	Eurotiomycetes	Pezizomycotina	Ascomycota	Dikarya	Fungi	Eukaryota
exopOlig_CBS_72588	Exop_olig_CBS_72588	215243	Exophiala oligosperma		Exophiala oligosperma	Exophiala	Herpotrichiellaceae	Chaetothyriales	Chaetothyriomycetidae	Eurotiomycetes	Pezizomycotina	Ascomycota	Dikarya	Fungi	Eukaryota
exopSide_CBS_121828	Exop_side_CBS_121828	1016849	Exophiala sideris		Exophiala sideris	Exophiala	Herpotrichiellaceae	Chaetothyriales	Chaetothyriomycetidae	Eurotiomycetes	Pezizomycotina	Ascomycota	Dikarya	Fungi	Eukaryota
exopSpin_CBS_89968	Exop_spin_CBS_89968	91928	Exophiala spinifera		Exophiala spinifera	Exophiala	Herpotrichiellaceae	Chaetothyriales	Chaetothyriomycetidae	Eurotiomycetes	Pezizomycotina	Ascomycota	Dikarya	Fungi	Eukaryota
exopXeno_CBS_118157	Exop_xeno_CBS_118157	348802	Exophiala xenobiotica		Exophiala xenobiotica	Exophiala	Herpotrichiellaceae	Chaetothyriales	Chaetothyriomycetidae	Eurotiomycetes	Pezizomycotina	Ascomycota	Dikarya	Fungi	Eukaryota
fibrRadi_TFFH_294	Fibr_radi_TFFH_294	599839	Fibroporia radiculosa		Fibroporia radiculosa	Fibroporia		Polyporales		Agaricomycetes	Agaricomycotina	Basidiomycota	Dikarya	Fungi	Eukaryota
fistHepa_ATCC64428	Fist_hepa_ATCC_64428	1128425	Fistulina hepatica ATCC 64428		Fistulina hepatica	Fistulina	Fistulinaceae	Agaricales	Agaricomycetidae	Agaricomycetes	Agaricomycotina	Basidiomycota	Dikarya	Fungi	Eukaryota
flamVelu_KACC42780	Flam_velu_KACC42780	1300067	Flammulina velutipes KACC42780		Flammulina velutipes	Flammulina	Physalacriaceae	Agaricales	Agaricomycetidae	Agaricomycetes	Agaricomycotina	Basidiomycota	Dikarya	Fungi	Eukaryota
fomiMedi_MF3_22	Fomi_medi_MF3_22	694068	Fomitiporia mediterranea MF3/22		Fomitiporia mediterranea	Fomitiporia	Hymenochaetaceae	Hymenochaetales		Agaricomycetes	Agaricomycotina	Basidiomycota	Dikarya	Fungi	Eukaryota
fomiPini_FP_58527_SS1	Fomi_pini_FP_58527_SS1	743788	Fomitopsis pinicola FP-58527 SS1		Fomitopsis pinicola	Fomitopsis	Fomitopsidaceae	Polyporales		Agaricomycetes	Agaricomycotina	Basidiomycota	Dikarya	Fungi	Eukaryota
fonsMult_CBS_102226	Fons_mult_CBS_102226	1442371	Fonsecaea multimorphosa CBS 102226		Fonsecaea multimorphosa	Fonsecaea	Herpotrichiellaceae	Chaetothyriales	Chaetothyriomycetidae	Eurotiomycetes	Pezizomycotina	Ascomycota	Dikarya	Fungi	Eukaryota
fonsPedr_CBS_271_37	Fons_pedr_CBS_271_37	1442368	Fonsecaea pedrosoi CBS 271.37		Fonsecaea pedrosoi	Fonsecaea	Herpotrichiellaceae	Chaetothyriales	Chaetothyriomycetidae	Eurotiomycetes	Pezizomycotina	Ascomycota	Dikarya	Fungi	Eukaryota
fusaFuji_B14	Fusa_fuji_B14	1215603	Fusarium fujikuroi B14		Fusarium fujikuroi	Fusarium	Nectriaceae	Hypocreales	Hypocreomycetidae	Sordariomycetes	Pezizomycotina	Ascomycota	Dikarya	Fungi	Eukaryota
fusaGram_CS3005	Fusa_gram_CS3005	5518	Fusarium graminearum		Fusarium graminearum	Fusarium	Nectriaceae	Hypocreales	Hypocreomycetidae	Sordariomycetes	Pezizomycotina	Ascomycota	Dikarya	Fungi	Eukaryota
fusaGram_PH_1_NRRL_31084	Fusa_gram_PH_1_NRRL_31084	229533	Fusarium graminearum PH-1		Fusarium graminearum	Fusarium	Nectriaceae	Hypocreales	Hypocreomycetidae	Sordariomycetes	Pezizomycotina	Ascomycota	Dikarya	Fungi	Eukaryota
fusaOxys_FOSC_3_A	Fusa_oxys_FOSC_3_a	909455	Fusarium oxysporum FOSC 3-a		Fusarium oxysporum	Fusarium	Nectriaceae	Hypocreales	Hypocreomycetidae	Sordariomycetes	Pezizomycotina	Ascomycota	Dikarya	Fungi	Eukaryota
fusaOxys_FO47	Fusa_oxys_Fo47	660027	Fusarium oxysporum Fo47		Fusarium oxysporum	Fusarium	Nectriaceae	Hypocreales	Hypocreomycetidae	Sordariomycetes	Pezizomycotina	Ascomycota	Dikarya	Fungi	Eukaryota
fusaOxys_F_SP_CONGLUTINANS_RAC	Fusa_oxys_f_conglutinans_race_2_54008	1089457	Fusarium oxysporum f. sp. conglutinans race 2 54008		Fusarium oxysporum	Fusarium	Nectriaceae	Hypocreales	Hypocreomycetidae	Sordariomycetes	Pezizomycotina	Ascomycota	Dikarya	Fungi	Eukaryota
fusaOxys_F_SP_CUBENSE_RACE_1	Fusa_oxys_f_cubense_race_1	1229664	Fusarium oxysporum f. sp. cubense race 1		Fusarium oxysporum	Fusarium	Nectriaceae	Hypocreales	Hypocreomycetidae	Sordariomycetes	Pezizomycotina	Ascomycota	Dikarya	Fungi	Eukaryota
fusaOxys_F_SP_CUBENSE_RACE_4	Fusa_oxys_f_cubense_race_4	1229665	Fusarium oxysporum f. sp. cubense race 4		Fusarium oxysporum	Fusarium	Nectriaceae	Hypocreales	Hypocreomycetidae	Sordariomycetes	Pezizomycotina	Ascomycota	Dikarya	Fungi	Eukaryota
fusaOxys_F_SP_CUBENSE_TROPICAL	Fusa_oxys_f_cubense_tropical_race_4_54006	1089451	Fusarium oxysporum f. sp. cubense tropical race 4 54006		Fusarium oxysporum	Fusarium	Nectriaceae	Hypocreales	Hypocreomycetidae	Sordariomycetes	Pezizomycotina	Ascomycota	Dikarya	Fungi	Eukaryota
fusaOxys_F_SP_LYCOPERSICI_MN25	Fusa_oxys_f_lycopersici_MN25	1080343	Fusarium oxysporum f. sp. lycopersici MN25		Fusarium oxysporum	Fusarium	Nectriaceae	Hypocreales	Hypocreomycetidae	Sordariomycetes	Pezizomycotina	Ascomycota	Dikarya	Fungi	Eukaryota
fusaOxys_F_SP_MELONIS_26406	Fusa_oxys_f_melonis_26406	1089452	Fusarium oxysporum f. sp. melonis 26406		Fusarium oxysporum	Fusarium	Nectriaceae	Hypocreales	Hypocreomycetidae	Sordariomycetes	Pezizomycotina	Ascomycota	Dikarya	Fungi	Eukaryota
fusaOxys_F_SP_PISI_HDV247	Fusa_oxys_f_pisi_HDV247	1080344	Fusarium oxysporum f. sp. pisi HDV247		Fusarium oxysporum	Fusarium	Nectriaceae	Hypocreales	Hypocreomycetidae	Sordariomycetes	Pezizomycotina	Ascomycota	Dikarya	Fungi	Eukaryota
fusaOxys_F_SP_RADICIS_LYCOPERS	Fusa_oxys_f_radicis_lycopersici_26381	1089448	Fusarium oxysporum f. sp. radicis-lycopersici 26381		Fusarium oxysporum	Fusarium	Nectriaceae	Hypocreales	Hypocreomycetidae	Sordariomycetes	Pezizomycotina	Ascomycota	Dikarya	Fungi	Eukaryota
fusaOxys_F_SP_RAPHANI_54005	Fusa_oxys_f_raphani_54005	1089458	Fusarium oxysporum f. sp. raphani 54005		Fusarium oxysporum	Fusarium	Nectriaceae	Hypocreales	Hypocreomycetidae	Sordariomycetes	Pezizomycotina	Ascomycota	Dikarya	Fungi	Eukaryota
fusaOxys_F_SP_VASINFECTUM_2543	Fusa_oxys_f_vasinfectum_25433	1089449	Fusarium oxysporum f. sp. vasinfectum 25433		Fusarium oxysporum	Fusarium	Nectriaceae	Hypocreales	Hypocreomycetidae	Sordariomycetes	Pezizomycotina	Ascomycota	Dikarya	Fungi	Eukaryota
fusaPseu_CS3096	Fusa_pseu_CS3096	1028729	Fusarium pseudograminearum CS3096		Fusarium pseudograminearum	Fusarium	Nectriaceae	Hypocreales	Hypocreomycetidae	Sordariomycetes	Pezizomycotina	Ascomycota	Dikarya	Fungi	Eukaryota
fusaPseu_CS3270	Fusa_pseu_CS3270	101028	Fusarium pseudograminearum		Fusarium pseudograminearum	Fusarium	Nectriaceae	Hypocreales	Hypocreomycetidae	Sordariomycetes	Pezizomycotina	Ascomycota	Dikarya	Fungi	Eukaryota
fusaVert_7600	Fusa_vert_7600	334819	Fusarium verticillioides 7600		Fusarium verticillioides	Fusarium	Nectriaceae	Hypocreales	Hypocreomycetidae	Sordariomycetes	Pezizomycotina	Ascomycota	Dikarya	Fungi	Eukaryota
gaeuGram_VAR_TRITICI_R3_111A_1	Gaeu_gram_var_tritici_R3_111a_1	644352	Gaeumannomyces tritici R3-111a-1		Gaeumannomyces tritici	Gaeumannomyces	Magnaporthaceae	Magnaporthales	Sordariomycetidae	Sordariomycetes	Pezizomycotina	Ascomycota	Dikarya	Fungi	Eukaryota
galeMarg_CBS_339_88	Gale_marg_CBS_339_88	685588	Galerina marginata CBS 339.88		Galerina marginata	Galerina	Strophariaceae	Agaricales	Agaricomycetidae	Agaricomycetes	Agaricomycotina	Basidiomycota	Dikarya	Fungi	Eukaryota
ganoLuci_G_260125_1	Gano_luci_G_260125_1	1077286	Ganoderma lucidum G.260125-1		Ganoderma lucidum	Ganoderma	Polyporaceae	Polyporales		Agaricomycetes	Agaricomycotina	Basidiomycota	Dikarya	Fungi	Eukaryota
ganoLuci_XIANGNONG_NO_1	Gano_luci_Xiangnong_No_1	1127707	Ganoderma lucidum Xiangnong No.1		Ganoderma lucidum	Ganoderma	Polyporaceae	Polyporales		Agaricomycetes	Agaricomycotina	Basidiomycota	Dikarya	Fungi	Eukaryota
glarLozo_74030	Glar_lozo_74030	1104152	Glarea lozoyensis 74030		Glarea lozoyensis	Glarea	Helotiaceae	Helotiales		Leotiomycetes	Pezizomycotina	Ascomycota	Dikarya	Fungi	Eukaryota
glarLozo_ATCC20868	Glar_lozo_ATCC_20868	1116229	Glarea lozoyensis ATCC 20868		Glarea lozoyensis	Glarea	Helotiaceae	Helotiales		Leotiomycetes	Pezizomycotina	Ascomycota	Dikarya	Fungi	Eukaryota
gloeTrab_ATCC11539	Gloe_trab_ATCC_11539	670483	Gloeophyllum trabeum ATCC 11539		Gloeophyllum trabeum	Gloeophyllum	Gloeophyllaceae	Gloeophyllales		Agaricomycetes	Agaricomycotina	Basidiomycota	Dikarya	Fungi	Eukaryota
grosClav_KW1407	Gros_clav_kw1407	655863	Grosmannia clavigera kw1407		Grosmannia clavigera	Grosmannia	Ophiostomataceae	Ophiostomatales	Sordariomycetidae	Sordariomycetes	Pezizomycotina	Ascomycota	Dikarya	Fungi	Eukaryota
gyalFlav_KOLRI002931	Gyal_flav_KoLRI002931	1353255	Gyalolechia flavorubescens KoLRI002931		Gyalolechia flavorubescens	Gyalolechia	Teloschistaceae	Teloschistales	Lecanoromycetidae	Lecanoromycetes	Pezizomycotina	Ascomycota	Dikarya	Fungi	Eukaryota
gymnLuxu_FD_317_M1	Gymn_luxu_FD_317_M1	944289	Gymnopus luxurians FD-317 M1		Gymnopus luxurians	Gymnopus	Omphalotaceae	Agaricales	Agaricomycetidae	Agaricomycetes	Agaricomycotina	Basidiomycota	Dikarya	Fungi	Eukaryota
hirsMinn_3608	Hirs_minn_3608	1043627	Hirsutella minnesotensis 3608		Hirsutella minnesotensis	Hirsutella	Ophiocordycipitaceae	Hypocreales	Hypocreomycetidae	Sordariomycetes	Pezizomycotina	Ascomycota	Dikarya	Fungi	Eukaryota
histCaps_G186AR	Hist_caps_G186AR	447093	Histoplasma capsulatum G186AR		Histoplasma capsulatum	Histoplasma	Ajellomycetaceae	Onygenales	Eurotiomycetidae	Eurotiomycetes	Pezizomycotina	Ascomycota	Dikarya	Fungi	Eukaryota
histCaps_H143	Hist_caps_H143	544712	Histoplasma capsulatum H143		Histoplasma capsulatum	Histoplasma	Ajellomycetaceae	Onygenales	Eurotiomycetidae	Eurotiomycetes	Pezizomycotina	Ascomycota	Dikarya	Fungi	Eukaryota
histCaps_H88	Hist_caps_H88	544711	Histoplasma capsulatum H88		Histoplasma capsulatum	Histoplasma	Ajellomycetaceae	Onygenales	Eurotiomycetidae	Eurotiomycetes	Pezizomycotina	Ascomycota	Dikarya	Fungi	Eukaryota
histCaps_NAM1	Hist_caps_NAm1	339724	Histoplasma capsulatum NAm1		Histoplasma capsulatum	Histoplasma	Ajellomycetaceae	Onygenales	Eurotiomycetidae	Eurotiomycetes	Pezizomycotina	Ascomycota	Dikarya	Fungi	Eukaryota
homoPoly_JEL_142_JEL142	Homo_poly_JEL_142_JEL142	166479	Homolaphlyctis polyrhiza JEL 142		Homolaphlyctis polyrhiza	Homolaphlyctis		Rhizophydiales		Chytridiomycetes		Chytridiomycota		Fungi	Eukaryota
hortWern_EXF_2000	Hort_wern_EXF_2000	1157616	Hortaea werneckii EXF-2000		Hortaea werneckii	Hortaea	Teratosphaeriaceae	Capnodiales	Dothideomycetidae	Dothideomycetes	Pezizomycotina	Ascomycota	Dikarya	Fungi	Eukaryota
hydnPina_MD_312	Hydn_pina_MD_312	994086	Hydnomerulius pinastri MD-312		Hydnomerulius pinastri	Hydnomerulius	Paxillaceae	Boletales	Agaricomycetidae	Agaricomycetes	Agaricomycotina	Basidiomycota	Dikarya	Fungi	Eukaryota
jaapArgi_MUCL_33604	Jaap_argi_MUCL_33604	933084	Jaapia argillacea MUCL 33604		Jaapia argillacea	Jaapia	Jaapiaceae	Jaapiales	Agaricomycetidae	Agaricomycetes	Agaricomycotina	Basidiomycota	Dikarya	Fungi	Eukaryota
kazaAfri_CBS_2517	Kaza_afri_CBS_2517	1071382	Kazachstania africana CBS 2517		Kazachstania africana	Kazachstania	Saccharomycetaceae	Saccharomycetales		Saccharomycetes	Saccharomycotina	Ascomycota	Dikarya	Fungi	Eukaryota
kazaNaga_CBS_8797	Kaza_naga_CBS_8797	1071383	Kazachstania naganishii CBS 8797		Kazachstania naganishii	Kazachstania	Saccharomycetaceae	Saccharomycetales		Saccharomycetes	Saccharomycotina	Ascomycota	Dikarya	Fungi	Eukaryota
kluyLact_NRRL_Y_1140	Kluy_lact_NRRL_Y_1140	28985	Kluyveromyces lactis		Kluyveromyces lactis	Kluyveromyces	Saccharomycetaceae	Saccharomycetales		Saccharomycetes	Saccharomycotina	Ascomycota	Dikarya	Fungi	Eukaryota
kluyMarx_VAR_MARXIANUS_KCTC_17	Kluy_marx_var_marxianus_KCTC_17555	1162310	Kluyveromyces marxianus var. marxianus KCTC 17555	Kluyveromyces marxianus var. marxianus	Kluyveromyces marxianus	Kluyveromyces	Saccharomycetaceae	Saccharomycetales		Saccharomycetes	Saccharomycotina	Ascomycota	Dikarya	Fungi	Eukaryota
komaPast_CBS_7435	Koma_past_CBS_7435	981350	Komagataella phaffii CBS 7435		Komagataella phaffii	Komagataella	Phaffomycetaceae	Saccharomycetales		Saccharomycetes	Saccharomycotina	Ascomycota	Dikarya	Fungi	Eukaryota
komaPast_GS115	Koma_past_GS115	644223	Komagataella phaffii GS115		Komagataella phaffii	Komagataella	Phaffomycetaceae	Saccharomycetales		Saccharomycetes	Saccharomycotina	Ascomycota	Dikarya	Fungi	Eukaryota
kuraCaps_CBS_1993	Kura_caps_CBS_1993	1382522	Kuraishia capsulata CBS 1993		Kuraishia capsulata	Kuraishia		Saccharomycetales		Saccharomycetes	Saccharomycotina	Ascomycota	Dikarya	Fungi	Eukaryota
kwonHeve_BCC8398	Kwon_heve_BCC8398	1296120	Kwoniella heveanensis BCC8398		Kwoniella heveanensis	Kwoniella	Cryptococcaceae	Tremellales		Tremellomycetes	Agaricomycotina	Basidiomycota	Dikarya	Fungi	Eukaryota
kwonHeve_CBS_569	Kwon_heve_CBS_569	1296119	Kwoniella heveanensis CBS 569		Kwoniella heveanensis	Kwoniella	Cryptococcaceae	Tremellales		Tremellomycetes	Agaricomycotina	Basidiomycota	Dikarya	Fungi	Eukaryota
kwonMang_CBS_10435	Kwon_mang_CBS_10435	1331196	Kwoniella mangroviensis CBS 10435		Kwoniella mangrovensis	Kwoniella	Cryptococcaceae	Tremellales		Tremellomycetes	Agaricomycotina	Basidiomycota	Dikarya	Fungi	Eukaryota
kwonMang_CBS_8507	Kwon_mang_CBS_8507	1296122	Kwoniella mangroviensis CBS 8507		Kwoniella mangrovensis	Kwoniella	Cryptococcaceae	Tremellales		Tremellomycetes	Agaricomycotina	Basidiomycota	Dikarya	Fungi	Eukaryota
kwonMang_CBS_8886	Kwon_mang_CBS_8886	1296123	Kwoniella mangroviensis CBS 8886		Kwoniella mangrovensis	Kwoniella	Cryptococcaceae	Tremellales		Tremellomycetes	Agaricomycotina	Basidiomycota	Dikarya	Fungi	Eukaryota
laccBico_S238N_H82	Lacc_bico_S238N_H82	486041	Laccaria bicolor S238N-H82		Laccaria bicolor	Laccaria	Tricholomataceae	Agaricales	Agaricomycetidae	Agaricomycetes	Agaricomycotina	Basidiomycota	Dikarya	Fungi	Eukaryota
lachKluy_NRRL_Y_12651	Lach_kluy_NRRL_Y_12651	226302	Lachancea kluyveri NRRL Y-12651		Lachancea kluyveri	Lachancea	Saccharomycetaceae	Saccharomycetales		Saccharomycetes	Saccharomycotina	Ascomycota	Dikarya	Fungi	Eukaryota
lachLanz_CBS_12615	Lach_lanz_CBS_12615	1245769	Lachancea lanzarotensis		Lachancea lanzarotensis	Lachancea	Saccharomycetaceae	Saccharomycetales		Saccharomycetes	Saccharomycotina	Ascomycota	Dikarya	Fungi	Eukaryota
lachTher_CBS_6340	Lach_ther_CBS_6340	559295	Lachancea thermotolerans CBS 6340		Lachancea thermotolerans	Lachancea	Saccharomycetaceae	Saccharomycetales		Saccharomycetes	Saccharomycotina	Ascomycota	Dikarya	Fungi	Eukaryota
lecaAcic_CBS_871_95	Leca_acic_CBS_871_95	1367079	Lecanosticta acicola CBS 871.95		Lecanosticta acicola	Lecanosticta	Mycosphaerellaceae	Capnodiales	Dothideomycetidae	Dothideomycetes	Pezizomycotina	Ascomycota	Dikarya	Fungi	Eukaryota
leptMacu_JN3	Lept_macu_JN3	985895	Leptosphaeria maculans JN3		Leptosphaeria maculans	Leptosphaeria	Leptosphaeriaceae	Pleosporales	Pleosporomycetidae	Dothideomycetes	Pezizomycotina	Ascomycota	Dikarya	Fungi	Eukaryota
lignRhin_TM02	Lign_rhin_TM02	1379160	Lignosus rhinocerotis TM02		Lignosus rhinocerotis	Lignosus	Polyporaceae	Polyporales		Agaricomycetes	Agaricomycotina	Basidiomycota	Dikarya	Fungi	Eukaryota
loddElon_NRRL_YB_4239	Lodd_elon_NRRL_YB_4239	379508	Lodderomyces elongisporus NRRL YB-4239		Lodderomyces elongisporus	Lodderomyces	Debaryomycetaceae	Saccharomycetales		Saccharomycetes	Saccharomycotina	Ascomycota	Dikarya	Fungi	Eukaryota
magnOryz_70_15	Magn_oryz_70_15	242507	Magnaporthe oryzae 70-15		Magnaporthe oryzae	Magnaporthe	Magnaporthaceae	Magnaporthales	Sordariomycetidae	Sordariomycetes	Pezizomycotina	Ascomycota	Dikarya	Fungi	Eukaryota
magnOryz_98_06	Magn_oryz_98_06	318829	Magnaporthe oryzae		Magnaporthe oryzae	Magnaporthe	Magnaporthaceae	Magnaporthales	Sordariomycetidae	Sordariomycetes	Pezizomycotina	Ascomycota	Dikarya	Fungi	Eukaryota
magnOryz_KJ201	Magn_oryz_KJ201	1271791	Magnaporthe oryzae KJ201		Magnaporthe oryzae	Magnaporthe	Magnaporthaceae	Magnaporthales	Sordariomycetidae	Sordariomycetes	Pezizomycotina	Ascomycota	Dikarya	Fungi	Eukaryota
magnOryz_P131	Magn_oryz_P131	1143193	Magnaporthe oryzae P131		Magnaporthe oryzae	Magnaporthe	Magnaporthaceae	Magnaporthales	Sordariomycetidae	Sordariomycetes	Pezizomycotina	Ascomycota	Dikarya	Fungi	Eukaryota
magnOryz_Y34	Magn_oryz_Y34	1143189	Magnaporthe oryzae Y34		Magnaporthe oryzae	Magnaporthe	Magnaporthaceae	Magnaporthales	Sordariomycetidae	Sordariomycetes	Pezizomycotina	Ascomycota	Dikarya	Fungi	Eukaryota
magnPoae_ATCC64411	Magn_poae_ATCC_64411	644358	Magnaporthiopsis poae ATCC 64411		Magnaporthiopsis poae	Magnaporthiopsis	Magnaporthaceae	Magnaporthales	Sordariomycetidae	Sordariomycetes	Pezizomycotina	Ascomycota	Dikarya	Fungi	Eukaryota
malaSymp_ATCC42132	Mala_symp_ATCC_42132	1230383	Malassezia sympodialis ATCC 42132		Malassezia sympodialis	Malassezia	Malasseziaceae	Malasseziales		Malasseziomycetes	Ustilaginomycotina	Basidiomycota	Dikarya	Fungi	Eukaryota
marsBrun_F_SP_MULTIGERMTUBI_MB	Mars_brun_f_multigermtubi_MB_m1	1072389	Marssonina brunnea f. sp. 'multigermtubi' MB_m1		Marssonina brunnea	Marssonina	Dermateaceae	Helotiales		Leotiomycetes	Pezizomycotina	Ascomycota	Dikarya	Fungi	Eukaryota
melaLari_98AG31	Mela_lari_98AG31	747676	Melampsora larici-populina 98AG31		Melampsora larici-populina	Melampsora	Melampsoraceae	Pucciniales		Pucciniomycetes	Pucciniomycotina	Basidiomycota	Dikarya	Fungi	Eukaryota
melaPini_MPINI7	Mela_pini_Mpini7	1298852	Melampsora pinitorqua Mpini7		Melampsora pinitorqua	Melampsora	Melampsoraceae	Pucciniales		Pucciniomycetes	Pucciniomycotina	Basidiomycota	Dikarya	Fungi	Eukaryota
metaAcri_CQMA_102	Meta_acri_CQMa_102	655827	Metarhizium acridum CQMa 102		Metarhizium acridum	Metarhizium	Clavicipitaceae	Hypocreales	Hypocreomycetidae	Sordariomycetes	Pezizomycotina	Ascomycota	Dikarya	Fungi	Eukaryota
metaAnis_BRIP_53284	Meta_anis_BRIP_53284	1291519	Metarhizium anisopliae BRIP 53284		Metarhizium anisopliae	Metarhizium	Clavicipitaceae	Hypocreales	Hypocreomycetidae	Sordariomycetes	Pezizomycotina	Ascomycota	Dikarya	Fungi	Eukaryota
metaAnis_BRIP_53293	Meta_anis_BRIP_53293	1291518	Metarhizium anisopliae BRIP 53293		Metarhizium anisopliae	Metarhizium	Clavicipitaceae	Hypocreales	Hypocreomycetidae	Sordariomycetes	Pezizomycotina	Ascomycota	Dikarya	Fungi	Eukaryota
metaChla_123	Meta_chla_123	1052797	Pochonia chlamydosporia 123		Pochonia chlamydosporia	Pochonia	Clavicipitaceae	Hypocreales	Hypocreomycetidae	Sordariomycetes	Pezizomycotina	Ascomycota	Dikarya	Fungi	Eukaryota
metaRobe_ARSEF_23	Meta_robe_ARSEF_23	655844	Metarhizium robertsii ARSEF 23		Metarhizium robertsii	Metarhizium	Clavicipitaceae	Hypocreales	Hypocreomycetidae	Sordariomycetes	Pezizomycotina	Ascomycota	Dikarya	Fungi	Eukaryota
meyeGuil_ATCC6260	Meye_guil_ATCC_6260	294746	Meyerozyma guilliermondii ATCC 6260		Meyerozyma guilliermondii	Meyerozyma	Debaryomycetaceae	Saccharomycetales		Saccharomycetes	Saccharomycotina	Ascomycota	Dikarya	Fungi	Eukaryota
micrGyps_CBS_118893	Micr_gyps_CBS_118893	535722	Nannizzia gypsea CBS 118893		Nannizzia gypsea	Nannizzia	Arthrodermataceae	Onygenales	Eurotiomycetidae	Eurotiomycetes	Pezizomycotina	Ascomycota	Dikarya	Fungi	Eukaryota
micrViol_P1A1_LAMOLE	Micr_viol_p1A1_Lamole	683840	Microbotryum lychnidis-dioicae p1A1 Lamole		Microbotryum lychnidis-dioicae	Microbotryum	Microbotryaceae	Microbotryales		Microbotryomycetes	Pucciniomycotina	Basidiomycota	Dikarya	Fungi	Eukaryota
millFari_CBS_7064	Mill_fari_CBS_7064	559304	Millerozyma farinosa CBS 7064		Millerozyma farinosa	Millerozyma	Debaryomycetaceae	Saccharomycetales		Saccharomycetes	Saccharomycotina	Ascomycota	Dikarya	Fungi	Eukaryota
mortVert_NRRL_6337	Mort_vert_NRRL_6337	1069443	Mortierella verticillata NRRL 6337		Mortierella verticillata	Mortierella	Mortierellaceae	Mortierellales		Mortierellomycetes	Mortierellomycotina	Mucoromycota		Fungi	Eukaryota
mrakFrig_NWMF_AP1	Mrak_frig_Nwmf_AP1	29902	Mrakia frigida		Mrakia frigida	Mrakia	Mrakiaceae	Cystofilobasidiales		Tremellomycetes	Agaricomycotina	Basidiomycota	Dikarya	Fungi	Eukaryota
mucoAmbi_NBRC_6742	Muco_ambi_NBRC_6742	91626	Mucor ambiguus		Mucor ambiguus	Mucor	Mucoraceae	Mucorales		Mucoromycetes	Mucoromycotina	Mucoromycota		Fungi	Eukaryota
mucoCirc_F_CIRCINELLOIDES_1006	Muco_circ_f_circinelloides_1006PhL	1220926	Mucor circinelloides f. circinelloides 1006PhL		Mucor circinelloides	Mucor	Mucoraceae	Mucorales		Mucoromycetes	Mucoromycotina	Mucoromycota		Fungi	Eukaryota
mucoIrre_B50	Muco_irre_B50	1290454	Mucor irregularis B50		Mucor irregularis	Mucor	Mucoraceae	Mucorales		Mucoromycetes	Mucoromycotina	Mucoromycota		Fungi	Eukaryota
myceTher_ATCC42464	Myce_ther_ATCC_42464	573729	Thermothelomyces thermophila ATCC 42464		Thermothelomyces thermophila	Thermothelomyces	Chaetomiaceae	Sordariales	Sordariomycetidae	Sordariomycetes	Pezizomycotina	Ascomycota	Dikarya	Fungi	Eukaryota
mycoSp_STON1	Myco_Ston1	333113	Mycosphaerella sp. Ston1		Mycosphaerella sp. Ston1	Mycosphaerella	Mycosphaerellaceae	Capnodiales	Dothideomycetidae	Dothideomycetes	Pezizomycotina	Ascomycota	Dikarya	Fungi	Eukaryota
mycoLari_CBS_326_52	Myco_lari_CBS_326_52	1367536	Exutisphaerella laricina CBS 326.52		Exutisphaerella laricina	Exutisphaerella	Mycosphaerellaceae	Capnodiales	Dothideomycetidae	Dothideomycetes	Pezizomycotina	Ascomycota	Dikarya	Fungi	Eukaryota
naumCast_CBS_4309	Naum_cast_CBS_4309	1064592	Naumovozyma castellii CBS 4309		Naumovozyma castellii	Naumovozyma	Saccharomycetaceae	Saccharomycetales		Saccharomycetes	Saccharomycotina	Ascomycota	Dikarya	Fungi	Eukaryota
naumDair_CBS_421	Naum_dair_CBS_421	1071378	Naumovozyma dairenensis CBS 421		Naumovozyma dairenensis	Naumovozyma	Saccharomycetaceae	Saccharomycetales		Saccharomycetes	Saccharomycotina	Ascomycota	Dikarya	Fungi	Eukaryota
nectHaem_MPVI_77_13_4	Nect_haem_mpVI_77_13_4	660122	[Nectria] haematococca mpVI 77-13-4		[Nectria] haematococca	Fusarium	Nectriaceae	Hypocreales	Hypocreomycetidae	Sordariomycetes	Pezizomycotina	Ascomycota	Dikarya	Fungi	Eukaryota
nemaSp_1_ERTM2	Nema_1_ERTm2	944018	Nematocida sp. 1 ERTm2		Nematocida sp. 1	Nematocida						Microsporidia		Fungi	Eukaryota
nemaPari_ERTM1	Nema_pari_ERTm1	881290	Nematocida parisii ERTm1		Nematocida parisii	Nematocida						Microsporidia		Fungi	Eukaryota
nemaPari_ERTM3	Nema_pari_ERTm3	935791	Nematocida parisii ERTm3		Nematocida parisii	Nematocida						Microsporidia		Fungi	Eukaryota
neofParv_UCRNP2	Neof_parv_UCRNP2	1287680	Neofusicoccum parvum UCRNP2		Neofusicoccum parvum	Neofusicoccum	Botryosphaeriaceae	Botryosphaeriales		Dothideomycetes	Pezizomycotina	Ascomycota	Dikarya	Fungi	Eukaryota
neosFisc_NRRL_181	Neos_fisc_NRRL_181	331117	Aspergillus fischeri NRRL 181		Aspergillus fischeri	Aspergillus	Aspergillaceae	Eurotiales	Eurotiomycetidae	Eurotiomycetes	Pezizomycotina	Ascomycota	Dikarya	Fungi	Eukaryota
neurAfri_FGSC_1740	Neur_afri_FGSC_1740	1266766	Neurospora africana FGSC 1740		Neurospora africana	Neurospora	Sordariaceae	Sordariales	Sordariomycetidae	Sordariomycetes	Pezizomycotina	Ascomycota	Dikarya	Fungi	Eukaryota
neurCras_73	Neur_cras_73	5141	Neurospora crassa		Neurospora crassa	Neurospora	Sordariaceae	Sordariales	Sordariomycetidae	Sordariomycetes	Pezizomycotina	Ascomycota	Dikarya	Fungi	Eukaryota
neurCras_OR74A	Neur_cras_OR74A	367110	Neurospora crassa OR74A		Neurospora crassa	Neurospora	Sordariaceae	Sordariales	Sordariomycetidae	Sordariomycetes	Pezizomycotina	Ascomycota	Dikarya	Fungi	Eukaryota
neurPann_FGSC_7221	Neur_pann_FGSC_7221	1266714	Neurospora pannonica FGSC 7221		Neurospora pannonica	Neurospora	Sordariaceae	Sordariales	Sordariomycetidae	Sordariomycetes	Pezizomycotina	Ascomycota	Dikarya	Fungi	Eukaryota
neurSubl_FGSC_5508	Neur_subl_FGSC_5508	1266767	Neurospora sublineolata FGSC 5508		Neurospora sublineolata	Neurospora	Sordariaceae	Sordariales	Sordariomycetidae	Sordariomycetes	Pezizomycotina	Ascomycota	Dikarya	Fungi	Eukaryota
neurTerr_FGSC_1889	Neur_terr_FGSC_1889	1266715	Neurospora terricola FGSC 1889		Neurospora terricola	Neurospora	Sordariaceae	Sordariales	Sordariomycetidae	Sordariomycetes	Pezizomycotina	Ascomycota	Dikarya	Fungi	Eukaryota
neurTetr_FGSC_2508	Neur_tetr_FGSC_2508	510951	Neurospora tetrasperma FGSC 2508		Neurospora tetrasperma	Neurospora	Sordariaceae	Sordariales	Sordariomycetidae	Sordariomycetes	Pezizomycotina	Ascomycota	Dikarya	Fungi	Eukaryota
neurTetr_FGSC_2509	Neur_tetr_FGSC_2509	510952	Neurospora tetrasperma FGSC 2509		Neurospora tetrasperma	Neurospora	Sordariaceae	Sordariales	Sordariomycetidae	Sordariomycetes	Pezizomycotina	Ascomycota	Dikarya	Fungi	Eukaryota
nilaLuge_YEAST_LIKE_SYMBIONT_H	Nila_luge_yeast_like_symbiont_Hangzhou	36927	Nilaparvata lugens yeast-like symbiont		Nilaparvata lugens yeast-like symbiont							Ascomycota	Dikarya	Fungi	Eukaryota
noseApis_BRL_01	Nose_apis_BRL_01	1037528	Nosema apis BRL 01		Nosema apis	Nosema	Nosematidae					Microsporidia		Fungi	Eukaryota
noseBomb_CQ1	Nose_bomb_CQ1	578461	Nosema bombycis CQ1		Nosema bombycis	Nosema	Nosematidae					Microsporidia		Fungi	Eukaryota
ogatPara_DL_1	Ogat_para_DL_1	871575	Ogataea parapolymorpha DL-1		Ogataea parapolymorpha	Ogataea	Pichiaceae	Saccharomycetales		Saccharomycetes	Saccharomycotina	Ascomycota	Dikarya	Fungi	Eukaryota
omphOlea_VT_653_13	Omph_olea_VT_653_13	1128401	Omphalotus olearius VT 653.13		Omphalotus olearius	Omphalotus	Omphalotaceae	Agaricales	Agaricomycetidae	Agaricomycetes	Agaricomycotina	Basidiomycota	Dikarya	Fungi	Eukaryota
ophiNovo_NOVO_ULMI_H327	Ophi_novo_novo_ulmi_H327	1224258	Ophiostoma novo-ulmi subsp. novo-ulmi H327		Ophiostoma novo-ulmi	Ophiostoma	Ophiostomataceae	Ophiostomatales	Sordariomycetidae	Sordariomycetes	Pezizomycotina	Ascomycota	Dikarya	Fungi	Eukaryota
ophiPice_UAMH_11346	Ophi_pice_UAMH_11346	1262450	Ophiostoma piceae UAMH 11346		Ophiostoma piceae	Ophiostoma	Ophiostomataceae	Ophiostomatales	Sordariomycetidae	Sordariomycetes	Pezizomycotina	Ascomycota	Dikarya	Fungi	Eukaryota
ophiSine_CO18	Ophi_sine_CO18	911162	Ophiocordyceps sinensis CO18		Ophiocordyceps sinensis	Ophiocordyceps	Ophiocordycipitaceae	Hypocreales	Hypocreomycetidae	Sordariomycetes	Pezizomycotina	Ascomycota	Dikarya	Fungi	Eukaryota
paraBras_PB03	Para_bras_Pb03	482561	Paracoccidioides brasiliensis Pb03		Paracoccidioides brasiliensis	Paracoccidioides		Onygenales	Eurotiomycetidae	Eurotiomycetes	Pezizomycotina	Ascomycota	Dikarya	Fungi	Eukaryota
paraBras_PB18	Para_bras_Pb18	502780	Paracoccidioides brasiliensis Pb18		Paracoccidioides brasiliensis	Paracoccidioides		Onygenales	Eurotiomycetidae	Eurotiomycetes	Pezizomycotina	Ascomycota	Dikarya	Fungi	Eukaryota
paraSp_LUTZII_PB01	Para_lutzii_Pb01	502779	Paracoccidioides lutzii Pb01		Paracoccidioides lutzii	Paracoccidioides		Onygenales	Eurotiomycetidae	Eurotiomycetes	Pezizomycotina	Ascomycota	Dikarya	Fungi	Eukaryota
paraSp_LUTZII_PB01_1	Para_lutzii_Pb01_1	502779	Paracoccidioides lutzii Pb01		Paracoccidioides lutzii	Paracoccidioides		Onygenales	Eurotiomycetidae	Eurotiomycetes	Pezizomycotina	Ascomycota	Dikarya	Fungi	Eukaryota
paraPara_CBS_412_66_NGI_315_AD	Para_para_CBS_412_66_NGI_315_ade	35722	Parasitella parasitica		Parasitella parasitica	Parasitella	Mucoraceae	Mucorales		Mucoromycetes	Mucoromycotina	Mucoromycota		Fungi	Eukaryota
passFulv_CBS_131901	Pass_fulv_CBS_131901	1156157	Passalora fulva CBS 131901		Passalora fulva	Passalora	Mycosphaerellaceae	Capnodiales	Dothideomycetidae	Dothideomycetes	Pezizomycotina	Ascomycota	Dikarya	Fungi	Eukaryota
peniCame_FM_013	Peni_came_FM_013	1429867	Penicillium camemberti FM 013		Penicillium camemberti	Penicillium	Aspergillaceae	Eurotiales	Eurotiomycetidae	Eurotiomycetes	Pezizomycotina	Ascomycota	Dikarya	Fungi	Eukaryota
peniChry_KF_25	Peni_chry_KF_25	1218708	Penicillium chrysogenum KF-25		Penicillium chrysogenum	Penicillium	Aspergillaceae	Eurotiales	Eurotiomycetidae	Eurotiomycetes	Pezizomycotina	Ascomycota	Dikarya	Fungi	Eukaryota
peniChry_NCPC10086	Peni_chry_NCPC10086	1297591	Penicillium chrysogenum NCPC10086		Penicillium chrysogenum	Penicillium	Aspergillaceae	Eurotiales	Eurotiomycetidae	Eurotiomycetes	Pezizomycotina	Ascomycota	Dikarya	Fungi	Eukaryota
peniChry_P2NIAD18	Peni_chry_P2niaD18	5076	Penicillium chrysogenum		Penicillium chrysogenum	Penicillium	Aspergillaceae	Eurotiales	Eurotiomycetidae	Eurotiomycetes	Pezizomycotina	Ascomycota	Dikarya	Fungi	Eukaryota
peniDigi_PHI26	Peni_digi_PHI26	1170229	Penicillium digitatum PHI26		Penicillium digitatum	Penicillium	Aspergillaceae	Eurotiales	Eurotiomycetidae	Eurotiomycetes	Pezizomycotina	Ascomycota	Dikarya	Fungi	Eukaryota
peniDigi_PD1	Peni_digi_Pd1	1170230	Penicillium digitatum Pd1		Penicillium digitatum	Penicillium	Aspergillaceae	Eurotiales	Eurotiomycetidae	Eurotiomycetes	Pezizomycotina	Ascomycota	Dikarya	Fungi	Eukaryota
peniOxal_114_2	Peni_oxal_114_2	933388	Penicillium oxalicum 114-2		Penicillium oxalicum	Penicillium	Aspergillaceae	Eurotiales	Eurotiomycetidae	Eurotiomycetes	Pezizomycotina	Ascomycota	Dikarya	Fungi	Eukaryota
peniOxal_JU_A10_T	Peni_oxal_JU_A10_T	933390	Penicillium oxalicum JU-A10-T		Penicillium oxalicum	Penicillium	Aspergillaceae	Eurotiales	Eurotiomycetidae	Eurotiomycetes	Pezizomycotina	Ascomycota	Dikarya	Fungi	Eukaryota
peniPaxi_ATCC26601	Peni_paxi_ATCC_26601	1292256	Penicillium paxilli ATCC 26601		Penicillium paxilli	Penicillium	Aspergillaceae	Eurotiales	Eurotiomycetidae	Eurotiomycetes	Pezizomycotina	Ascomycota	Dikarya	Fungi	Eukaryota
peniRoqu_FM164	Peni_roqu_FM164	1365484	Penicillium roqueforti FM164		Penicillium roqueforti	Penicillium	Aspergillaceae	Eurotiales	Eurotiomycetidae	Eurotiomycetes	Pezizomycotina	Ascomycota	Dikarya	Fungi	Eukaryota
peniRube_WISCONSIN_54_1255	Peni_rube_Wisconsin_54_1255	500485	Penicillium rubens Wisconsin 54-1255		Penicillium rubens	Penicillium	Aspergillaceae	Eurotiales	Eurotiomycetidae	Eurotiomycetes	Pezizomycotina	Ascomycota	Dikarya	Fungi	Eukaryota
pestFici_W106_1	Pest_fici_W106_1	1229662	Pestalotiopsis fici W106-1		Pestalotiopsis fici	Pestalotiopsis	Sporocadaceae	Xylariales	Xylariomycetidae	Sordariomycetes	Pezizomycotina	Ascomycota	Dikarya	Fungi	Eukaryota
phleGiga_11061_1_CR5_6	Phle_giga_11061_1_CR5_6	745531	Phlebiopsis gigantea 11061_1 CR5-6		Phlebiopsis gigantea	Phlebiopsis	Phanerochaetaceae	Polyporales		Agaricomycetes	Agaricomycotina	Basidiomycota	Dikarya	Fungi	Eukaryota
phlePort_PP33	Phle_port_PP33	80661	Phlebopus portentosus		Phlebopus portentosus	Phlebopus	Boletinellaceae	Boletales	Agaricomycetidae	Agaricomycetes	Agaricomycotina	Basidiomycota	Dikarya	Fungi	Eukaryota
pleuOstr_PC15	Pleu_ostr_PC15	1137138	Pleurotus ostreatus PC15		Pleurotus ostreatus	Pleurotus	Pleurotaceae	Agaricales	Agaricomycetidae	Agaricomycetes	Agaricomycotina	Basidiomycota	Dikarya	Fungi	Eukaryota
plicCris_FD_325_SS_3	Plic_cris_FD_325_SS_3	944288	Plicaturopsis crispa FD-325 SS-3		Plicaturopsis crispa	Plicaturopsis	Amylocorticiaceae	Amylocorticiales	Agaricomycetidae	Agaricomycetes	Agaricomycotina	Basidiomycota	Dikarya	Fungi	Eukaryota
podoAnse_S_MAT+	Podo_anse_S_mat+	515849	Podospora anserina S mat+		Podospora anserina	Podospora	Lasiosphaeriaceae	Sordariales	Sordariomycetidae	Sordariomycetes	Pezizomycotina	Ascomycota	Dikarya	Fungi	Eukaryota
pseuAnta_JCM_10317	Pseu_anta_JCM_10317	84753	Moesziomyces antarcticus		Moesziomyces antarcticus	Moesziomyces	Ustilaginaceae	Ustilaginales		Ustilaginomycetes	Ustilaginomycotina	Basidiomycota	Dikarya	Fungi	Eukaryota
pseuAnta_T_34	Pseu_anta_T_34	1151754	Moesziomyces antarcticus T-34		Moesziomyces antarcticus	Moesziomyces	Ustilaginaceae	Ustilaginales		Ustilaginomycetes	Ustilaginomycotina	Basidiomycota	Dikarya	Fungi	Eukaryota
pseuBras_GHG001	Pseu_bras_GHG001	1392244	Kalmanozyma brasiliensis		Kalmanozyma brasiliensis	Kalmanozyma	Ustilaginaceae	Ustilaginales		Ustilaginomycetes	Ustilaginomycotina	Basidiomycota	Dikarya	Fungi	Eukaryota
pseuDest_20631_21	Pseu_dest_20631_21	658429	Pseudogymnoascus destructans 20631-21		Pseudogymnoascus destructans	Pseudogymnoascus	Pseudeurotiaceae			Leotiomycetes	Pezizomycotina	Ascomycota	Dikarya	Fungi	Eukaryota
pseuFiji_CIRAD86	Pseu_fiji_CIRAD86	383855	Pseudocercospora fijiensis CIRAD86		Pseudocercospora fijiensis	Pseudocercospora	Mycosphaerellaceae	Capnodiales	Dothideomycetidae	Dothideomycetes	Pezizomycotina	Ascomycota	Dikarya	Fungi	Eukaryota
pseuFloc_PF_1	Pseu_floc_PF_1	1277687	Anthracocystis flocculosa PF-1		Anthracocystis flocculosa	Anthracocystis	Ustilaginaceae	Ustilaginales		Ustilaginomycetes	Ustilaginomycotina	Basidiomycota	Dikarya	Fungi	Eukaryota
pseuHube_SY62	Pseu_hube_SY62	1305764	Pseudozyma hubeiensis SY62		Pseudozyma hubeiensis	Pseudozyma	Ustilaginaceae	Ustilaginales		Ustilaginomycetes	Ustilaginomycotina	Basidiomycota	Dikarya	Fungi	Eukaryota
pseuPini_CBS_125139	Pseu_pini_CBS_125139	1367541	Pseudocercospora pini-densiflorae CBS 125139		Pseudocercospora pini-densiflorae	Pseudocercospora	Mycosphaerellaceae	Capnodiales	Dothideomycetidae	Dothideomycetes	Pezizomycotina	Ascomycota	Dikarya	Fungi	Eukaryota
puccGram_F_SP_TRITICI_CRL_75_3	Pucc_gram_f_tritici_CRL_75_36_700_3	418459	Puccinia graminis f. sp. tritici CRL 75-36-700-3		Puccinia graminis	Puccinia	Pucciniaceae	Pucciniales		Pucciniomycetes	Pucciniomycotina	Basidiomycota	Dikarya	Fungi	Eukaryota
puccStri_F_SP_TRITICI_CY32	Pucc_stri_f_tritici_CY32	1240226	Puccinia striiformis f. sp. tritici CY32		Puccinia striiformis	Puccinia	Pucciniaceae	Pucciniales		Pucciniomycetes	Pucciniomycotina	Basidiomycota	Dikarya	Fungi	Eukaryota
puccTrit_1_1_BBBD_RACE_1	Pucc_trit_1_1_BBBD_Race_1	630390	Puccinia triticina 1-1 BBBD Race 1		Puccinia triticina	Puccinia	Pucciniaceae	Pucciniales		Pucciniomycetes	Pucciniomycotina	Basidiomycota	Dikarya	Fungi	Eukaryota
pyreLyco_CRA_PAV_ER_1211	Pyre_lyco_CRA_PAV_ER_1211	1331946	Pseudopyrenochaeta lycopersici CRA-PAV_ER 1211		Pseudopyrenochaeta lycopersici	Pseudopyrenochaeta	Pseudopyrenochaetaceae	Pleosporales	Pleosporomycetidae	Dothideomycetes	Pezizomycotina	Ascomycota	Dikarya	Fungi	Eukaryota
pyreSemi_CCB06	Pyre_semi_CCB06	1302712	Pyrenophora seminiperda CCB06		Pyrenophora seminiperda	Pyrenophora	Pleosporaceae	Pleosporales	Pleosporomycetidae	Dothideomycetes	Pezizomycotina	Ascomycota	Dikarya	Fungi	Eukaryota
pyreTere_F_TERES_0_1	Pyre_tere_f_teres_0_1	861557	Pyrenophora teres f. teres 0-1		Pyrenophora teres	Pyrenophora	Pleosporaceae	Pleosporales	Pleosporomycetidae	Dothideomycetes	Pezizomycotina	Ascomycota	Dikarya	Fungi	Eukaryota
pyreTrit_PT_1C_BFP	Pyre_trit_Pt_1C_BFP	426418	Pyrenophora tritici-repentis Pt-1C-BFP		Pyrenophora tritici-repentis	Pyrenophora	Pleosporaceae	Pleosporales	Pleosporomycetidae	Dothideomycetes	Pezizomycotina	Ascomycota	Dikarya	Fungi	Eukaryota
rhinMack_CBS_650_93	Rhin_mack_CBS_650_93	1442369	Rhinocladiella mackenziei CBS 650.93		Rhinocladiella mackenziei	Rhinocladiella	Herpotrichiellaceae	Chaetothyriales	Chaetothyriomycetidae	Eurotiomycetes	Pezizomycotina	Ascomycota	Dikarya	Fungi	Eukaryota
rhizDele_RA_99_880	Rhiz_dele_RA_99_880	246409	Rhizopus delemar RA 99-880		Rhizopus delemar	Rhizopus	Rhizopodaceae	Mucorales		Mucoromycetes	Mucoromycotina	Mucoromycota		Fungi	Eukaryota
rhizDele_TYPE_II_NRRL_21446	Rhiz_dele_Type_II_NRRL_21446	1279484	Rhizopus delemar Type II NRRL 21446		Rhizopus delemar	Rhizopus	Rhizopodaceae	Mucorales		Mucoromycetes	Mucoromycotina	Mucoromycota		Fungi	Eukaryota
rhizDele_TYPE_II_NRRL_21447	Rhiz_dele_Type_II_NRRL_21447	1279483	Rhizopus delemar Type II NRRL 21447		Rhizopus delemar	Rhizopus	Rhizopodaceae	Mucorales		Mucoromycetes	Mucoromycotina	Mucoromycota		Fungi	Eukaryota
rhizDele_TYPE_II_NRRL_21477	Rhiz_dele_Type_II_NRRL_21477	1279481	Rhizopus delemar Type II NRRL 21477		Rhizopus delemar	Rhizopus	Rhizopodaceae	Mucorales		Mucoromycetes	Mucoromycotina	Mucoromycota		Fungi	Eukaryota
rhizIrre_DAOM_181602_DAOM_1971	Rhiz_irre_DAOM_181602_DAOM_197198	747089	Rhizophagus irregularis DAOM 181602=DAOM 197198		Rhizophagus irregularis	Rhizophagus	Glomeraceae	Glomerales		Glomeromycetes	Glomeromycotina	Mucoromycota		Fungi	Eukaryota
rhizMieh_CAU432	Rhiz_mieh_CAU432	1031333	Rhizomucor miehei CAU432		Rhizomucor miehei	Rhizomucor	Lichtheimiaceae	Mucorales		Mucoromycetes	Mucoromycotina	Mucoromycota		Fungi	Eukaryota
rhizOryz_99_892	Rhiz_oryz_99_892	1279482	Rhizopus oryzae 99-892		Rhizopus oryzae	Rhizopus	Rhizopodaceae	Mucorales		Mucoromycetes	Mucoromycotina	Mucoromycota		Fungi	Eukaryota
rhizOryz_HUMC_02	Rhiz_oryz_HUMC_02	1279480	Rhizopus oryzae HUMC 02		Rhizopus oryzae	Rhizopus	Rhizopodaceae	Mucorales		Mucoromycetes	Mucoromycotina	Mucoromycota		Fungi	Eukaryota
rhizSola_AG_1_IA_AG_1IA	Rhiz_sola_AG_1_IA_AG_1IA	983506	Rhizoctonia solani AG-1 IA		Rhizoctonia solani	Rhizoctonia	Ceratobasidiaceae	Cantharellales		Agaricomycetes	Agaricomycotina	Basidiomycota	Dikarya	Fungi	Eukaryota
rhizSola_AG_8_WAC10335	Rhiz_sola_AG_8_WAC10335	1287689	Rhizoctonia solani AG-8 WAC10335		Rhizoctonia solani	Rhizoctonia	Ceratobasidiaceae	Cantharellales		Agaricomycetes	Agaricomycotina	Basidiomycota	Dikarya	Fungi	Eukaryota
rhodToru_MTCC_457	Rhod_toru_MTCC_457	1165933	Rhodotorula toruloides MTCC 457		Rhodotorula toruloides	Rhodotorula	Sporidiobolaceae	Sporidiobolales		Microbotryomycetes	Pucciniomycotina	Basidiomycota	Dikarya	Fungi	Eukaryota
rhodToru_NP11	Rhod_toru_NP11	1130832	Rhodotorula toruloides NP11		Rhodotorula toruloides	Rhodotorula	Sporidiobolaceae	Sporidiobolales		Microbotryomycetes	Pucciniomycotina	Basidiomycota	Dikarya	Fungi	Eukaryota
rozeAllo_CSF55	Roze_allo_CSF55	988480	Rozella allomycis CSF55		Rozella allomycis	Rozella						Cryptomycota		Fungi	Eukaryota
saccSp_ASHBYA_ACERI	Sacc_Ashbya_aceri	566037	Saccharomycetaceae sp. 'Ashbya aceri'		Saccharomycetaceae sp. 'Ashbya aceri'		Saccharomycetaceae	Saccharomycetales		Saccharomycetes	Saccharomycotina	Ascomycota	Dikarya	Fungi	Eukaryota
saccArbo_H_6	Sacc_arbo_H_6	1160507	Saccharomyces arboricola H-6		Saccharomyces arboricola	Saccharomyces	Saccharomycetaceae	Saccharomycetales		Saccharomycetes	Saccharomycotina	Ascomycota	Dikarya	Fungi	Eukaryota
saccSp_BOULARDII_17	Sacc_boulardii_17	252598	Saccharomyces sp. 'boulardii'		Saccharomyces sp. 'boulardii'	Saccharomyces	Saccharomycetaceae	Saccharomycetales		Saccharomycetes	Saccharomycotina	Ascomycota	Dikarya	Fungi	Eukaryota
saccSp_BOULARDII_ATCCMYA_796	Sacc_boulardii_ATCC_MYA_796	252598	Saccharomyces sp. 'boulardii'		Saccharomyces sp. 'boulardii'	Saccharomyces	Saccharomycetaceae	Saccharomycetales		Saccharomycetes	Saccharomycotina	Ascomycota	Dikarya	Fungi	Eukaryota
saccCere_AWRI796	Sacc_cere_AWRI796	764097	Saccharomyces cerevisiae AWRI796		Saccharomyces cerevisiae	Saccharomyces	Saccharomycetaceae	Saccharomycetales		Saccharomycetes	Saccharomycotina	Ascomycota	Dikarya	Fungi	Eukaryota
saccCere_CBS_7960	Sacc_cere_CBS_7960	929587	Saccharomyces cerevisiae CBS 7960		Saccharomyces cerevisiae	Saccharomyces	Saccharomycetaceae	Saccharomycetales		Saccharomycetes	Saccharomycotina	Ascomycota	Dikarya	Fungi	Eukaryota
saccCere_CEN_PK113_7D	Sacc_cere_CEN_PK113_7D	889517	Saccharomyces cerevisiae CEN.PK113-7D		Saccharomyces cerevisiae	Saccharomyces	Saccharomycetaceae	Saccharomycetales		Saccharomycetes	Saccharomycotina	Ascomycota	Dikarya	Fungi	Eukaryota
saccCere_CLIB215	Sacc_cere_CLIB215	464025	Saccharomyces cerevisiae CLIB215		Saccharomyces cerevisiae	Saccharomyces	Saccharomycetaceae	Saccharomycetales		Saccharomycetes	Saccharomycotina	Ascomycota	Dikarya	Fungi	Eukaryota
saccCere_CLIB324	Sacc_cere_CLIB324	929629	Saccharomyces cerevisiae CLIB324		Saccharomyces cerevisiae	Saccharomyces	Saccharomycetaceae	Saccharomycetales		Saccharomycetes	Saccharomycotina	Ascomycota	Dikarya	Fungi	Eukaryota
saccCere_CLIB382	Sacc_cere_CLIB382	947035	Saccharomyces cerevisiae CLIB382		Saccharomyces cerevisiae	Saccharomyces	Saccharomycetaceae	Saccharomycetales		Saccharomycetes	Saccharomycotina	Ascomycota	Dikarya	Fungi	Eukaryota
saccCere_EC1118	Sacc_cere_EC1118	643680	Saccharomyces cerevisiae EC1118		Saccharomyces cerevisiae	Saccharomyces	Saccharomycetaceae	Saccharomycetales		Saccharomycetes	Saccharomycotina	Ascomycota	Dikarya	Fungi	Eukaryota
saccCere_EC9_8	Sacc_cere_EC9_8	1095001	Saccharomyces cerevisiae EC9-8		Saccharomyces cerevisiae	Saccharomyces	Saccharomycetaceae	Saccharomycetales		Saccharomycetes	Saccharomycotina	Ascomycota	Dikarya	Fungi	Eukaryota
saccCere_FL100	Sacc_cere_FL100	947036	Saccharomyces cerevisiae FL100		Saccharomyces cerevisiae	Saccharomyces	Saccharomycetaceae	Saccharomycetales		Saccharomycetes	Saccharomycotina	Ascomycota	Dikarya	Fungi	Eukaryota
saccCere_FOSTERSB	Sacc_cere_FostersB	764102	Saccharomyces cerevisiae FostersB		Saccharomyces cerevisiae	Saccharomyces	Saccharomycetaceae	Saccharomycetales		Saccharomycetes	Saccharomycotina	Ascomycota	Dikarya	Fungi	Eukaryota
saccCere_KYOKAI_NO_7	Sacc_cere_Kyokai_no_7	721032	Saccharomyces cerevisiae Kyokai no. 7		Saccharomyces cerevisiae	Saccharomyces	Saccharomycetaceae	Saccharomycetales		Saccharomycetes	Saccharomycotina	Ascomycota	Dikarya	Fungi	Eukaryota
saccCere_LALVIN_QA23	Sacc_cere_Lalvin_QA23	764098	Saccharomyces cerevisiae Lalvin QA23		Saccharomyces cerevisiae	Saccharomyces	Saccharomycetaceae	Saccharomycetales		Saccharomycetes	Saccharomycotina	Ascomycota	Dikarya	Fungi	Eukaryota
saccCere_P283	Sacc_cere_P283	1177187	Saccharomyces cerevisiae P283		Saccharomyces cerevisiae	Saccharomyces	Saccharomycetaceae	Saccharomycetales		Saccharomycetes	Saccharomycotina	Ascomycota	Dikarya	Fungi	Eukaryota
saccCere_P301	Sacc_cere_P301	1182968	Saccharomyces cerevisiae P301		Saccharomyces cerevisiae	Saccharomyces	Saccharomycetaceae	Saccharomycetales		Saccharomycetes	Saccharomycotina	Ascomycota	Dikarya	Fungi	Eukaryota
saccCere_PW5	Sacc_cere_PW5	947039	Saccharomyces cerevisiae PW5		Saccharomyces cerevisiae	Saccharomyces	Saccharomycetaceae	Saccharomycetales		Saccharomycetes	Saccharomycotina	Ascomycota	Dikarya	Fungi	Eukaryota
saccCere_R008	Sacc_cere_R008	1182966	Saccharomyces cerevisiae R008		Saccharomyces cerevisiae	Saccharomyces	Saccharomycetaceae	Saccharomycetales		Saccharomycetes	Saccharomycotina	Ascomycota	Dikarya	Fungi	Eukaryota
saccCere_R103	Sacc_cere_R103	1182967	Saccharomyces cerevisiae R103		Saccharomyces cerevisiae	Saccharomyces	Saccharomycetaceae	Saccharomycetales		Saccharomycetes	Saccharomycotina	Ascomycota	Dikarya	Fungi	Eukaryota
saccCere_RM11_1A	Sacc_cere_RM11_1a	285006	Saccharomyces cerevisiae RM11-1a		Saccharomyces cerevisiae	Saccharomyces	Saccharomycetaceae	Saccharomycetales		Saccharomycetes	Saccharomycotina	Ascomycota	Dikarya	Fungi	Eukaryota
saccCere_SIGMA1278B	Sacc_cere_Sigma1278b	658763	Saccharomyces cerevisiae Sigma1278b		Saccharomyces cerevisiae	Saccharomyces	Saccharomycetaceae	Saccharomycetales		Saccharomycetes	Saccharomycotina	Ascomycota	Dikarya	Fungi	Eukaryota
saccCere_T7	Sacc_cere_T7	929585	Saccharomyces cerevisiae T7		Saccharomyces cerevisiae	Saccharomyces	Saccharomycetaceae	Saccharomycetales		Saccharomycetes	Saccharomycotina	Ascomycota	Dikarya	Fungi	Eukaryota
saccCere_T73	Sacc_cere_T73	471859	Saccharomyces cerevisiae T73		Saccharomyces cerevisiae	Saccharomyces	Saccharomycetaceae	Saccharomycetales		Saccharomycetes	Saccharomycotina	Ascomycota	Dikarya	Fungi	Eukaryota
saccCere_UC5	Sacc_cere_UC5	947040	Saccharomyces cerevisiae UC5		Saccharomyces cerevisiae	Saccharomyces	Saccharomycetaceae	Saccharomycetales		Saccharomycetes	Saccharomycotina	Ascomycota	Dikarya	Fungi	Eukaryota
saccCere_UFMG_A_905	Sacc_cere_UFMG_A_905	1434269	Saccharomyces cerevisiae UFMG A-905		Saccharomyces cerevisiae	Saccharomyces	Saccharomycetaceae	Saccharomycetales		Saccharomycetes	Saccharomycotina	Ascomycota	Dikarya	Fungi	Eukaryota
saccCere_VL3	Sacc_cere_VL3	764100	Saccharomyces cerevisiae VL3		Saccharomyces cerevisiae	Saccharomyces	Saccharomycetaceae	Saccharomycetales		Saccharomycetes	Saccharomycotina	Ascomycota	Dikarya	Fungi	Eukaryota
saccCere_VIN13	Sacc_cere_Vin13	764099	Saccharomyces cerevisiae Vin13		Saccharomyces cerevisiae	Saccharomyces	Saccharomycetaceae	Saccharomycetales		Saccharomycetes	Saccharomycotina	Ascomycota	Dikarya	Fungi	Eukaryota
saccCere_W303	Sacc_cere_W303	580240	Saccharomyces cerevisiae W303		Saccharomyces cerevisiae	Saccharomyces	Saccharomycetaceae	Saccharomycetales		Saccharomycetes	Saccharomycotina	Ascomycota	Dikarya	Fungi	Eukaryota
saccCere_Y10	Sacc_cere_Y10	462210	Saccharomyces cerevisiae Y10		Saccharomyces cerevisiae	Saccharomyces	Saccharomycetaceae	Saccharomycetales		Saccharomycetes	Saccharomycotina	Ascomycota	Dikarya	Fungi	Eukaryota
saccCere_YJM269	Sacc_cere_YJM269	929586	Saccharomyces cerevisiae YJM269		Saccharomyces cerevisiae	Saccharomyces	Saccharomycetaceae	Saccharomycetales		Saccharomycetes	Saccharomycotina	Ascomycota	Dikarya	Fungi	Eukaryota
saccCere_YJSH1	Sacc_cere_YJSH1	1087981	Saccharomyces cerevisiae YJSH1		Saccharomyces cerevisiae	Saccharomyces	Saccharomycetaceae	Saccharomycetales		Saccharomycetes	Saccharomycotina	Ascomycota	Dikarya	Fungi	Eukaryota
saccKudr_FM1056	Sacc_kudr_FM1056	1163633	Saccharomyces kudriavzevii FM1056		Saccharomyces kudriavzevii	Saccharomyces	Saccharomycetaceae	Saccharomycetales		Saccharomycetes	Saccharomycotina	Ascomycota	Dikarya	Fungi	Eukaryota
saccKudr_FM1062	Sacc_kudr_FM1062	1163641	Saccharomyces kudriavzevii FM1062		Saccharomyces kudriavzevii	Saccharomyces	Saccharomycetaceae	Saccharomycetales		Saccharomycetes	Saccharomycotina	Ascomycota	Dikarya	Fungi	Eukaryota
saccKudr_FM1069	Sacc_kudr_FM1069	1163632	Saccharomyces kudriavzevii FM1069		Saccharomyces kudriavzevii	Saccharomyces	Saccharomycetaceae	Saccharomycetales		Saccharomycetes	Saccharomycotina	Ascomycota	Dikarya	Fungi	Eukaryota
saccKudr_FM1071	Sacc_kudr_FM1071	1165457	Saccharomyces kudriavzevii FM1071		Saccharomyces kudriavzevii	Saccharomyces	Saccharomycetaceae	Saccharomycetales		Saccharomycetes	Saccharomycotina	Ascomycota	Dikarya	Fungi	Eukaryota
saccKudr_FM1072	Sacc_kudr_FM1072	1163638	Saccharomyces kudriavzevii FM1072		Saccharomyces kudriavzevii	Saccharomyces	Saccharomycetaceae	Saccharomycetales		Saccharomycetes	Saccharomycotina	Ascomycota	Dikarya	Fungi	Eukaryota
saccKudr_FM1073	Sacc_kudr_FM1073	1163639	Saccharomyces kudriavzevii FM1073		Saccharomyces kudriavzevii	Saccharomyces	Saccharomycetaceae	Saccharomycetales		Saccharomycetes	Saccharomycotina	Ascomycota	Dikarya	Fungi	Eukaryota
saccKudr_FM1074	Sacc_kudr_FM1074	1163640	Saccharomyces kudriavzevii FM1074		Saccharomyces kudriavzevii	Saccharomyces	Saccharomycetaceae	Saccharomycetales		Saccharomycetes	Saccharomycotina	Ascomycota	Dikarya	Fungi	Eukaryota
saccKudr_FM1076	Sacc_kudr_FM1076	1163643	Saccharomyces kudriavzevii FM1076		Saccharomyces kudriavzevii	Saccharomyces	Saccharomycetaceae	Saccharomycetales		Saccharomycetes	Saccharomycotina	Ascomycota	Dikarya	Fungi	Eukaryota
saccKudr_FM1077	Sacc_kudr_FM1077	1163644	Saccharomyces kudriavzevii FM1077		Saccharomyces kudriavzevii	Saccharomyces	Saccharomycetaceae	Saccharomycetales		Saccharomycetes	Saccharomycotina	Ascomycota	Dikarya	Fungi	Eukaryota
saccKudr_FM1078	Sacc_kudr_FM1078	1163636	Saccharomyces kudriavzevii FM1078		Saccharomyces kudriavzevii	Saccharomyces	Saccharomycetaceae	Saccharomycetales		Saccharomycetes	Saccharomycotina	Ascomycota	Dikarya	Fungi	Eukaryota
saccKudr_FM1079	Sacc_kudr_FM1079	1163637	Saccharomyces kudriavzevii FM1079		Saccharomyces kudriavzevii	Saccharomyces	Saccharomycetaceae	Saccharomycetales		Saccharomycetes	Saccharomycotina	Ascomycota	Dikarya	Fungi	Eukaryota
saccKudr_IFO10990	Sacc_kudr_IFO10990	1163646	Saccharomyces kudriavzevii IFO10990		Saccharomyces kudriavzevii	Saccharomyces	Saccharomycetaceae	Saccharomycetales		Saccharomycetes	Saccharomycotina	Ascomycota	Dikarya	Fungi	Eukaryota
saccKudr_IFO10991	Sacc_kudr_IFO10991	1163647	Saccharomyces kudriavzevii IFO10991		Saccharomyces kudriavzevii	Saccharomyces	Saccharomycetaceae	Saccharomycetales		Saccharomycetes	Saccharomycotina	Ascomycota	Dikarya	Fungi	Eukaryota
saccKudr_IFO1803	Sacc_kudr_IFO1803	1163648	Saccharomyces kudriavzevii IFO1803		Saccharomyces kudriavzevii	Saccharomyces	Saccharomycetaceae	Saccharomycetales		Saccharomycetes	Saccharomycotina	Ascomycota	Dikarya	Fungi	Eukaryota
saccKudr_IFO_1802	Sacc_kudr_IFO_1802	226230	Saccharomyces kudriavzevii IFO 1802		Saccharomyces kudriavzevii	Saccharomyces	Saccharomycetaceae	Saccharomycetales		Saccharomycetes	Saccharomycotina	Ascomycota	Dikarya	Fungi	Eukaryota
saccKudr_ZP591	Sacc_kudr_ZP591	1165456	Saccharomyces kudriavzevii ZP591		Saccharomyces kudriavzevii	Saccharomyces	Saccharomycetaceae	Saccharomycetales		Saccharomycetes	Saccharomycotina	Ascomycota	Dikarya	Fungi	Eukaryota
scheStip_CBS_6054	Sche_stip_CBS_6054	322104	Scheffersomyces stipitis CBS 6054		Scheffersomyces stipitis	Scheffersomyces	Debaryomycetaceae	Saccharomycetales		Saccharomycetes	Saccharomycotina	Ascomycota	Dikarya	Fungi	Eukaryota
schiComm_H4_8	Schi_comm_H4_8	578458	Schizophyllum commune H4-8		Schizophyllum commune	Schizophyllum	Schizophyllaceae	Agaricales	Agaricomycetidae	Agaricomycetes	Agaricomycotina	Basidiomycota	Dikarya	Fungi	Eukaryota
schiCryo_OY26	Schi_cryo_OY26	653667	Schizosaccharomyces cryophilus OY26		Schizosaccharomyces cryophilus	Schizosaccharomyces	Schizosaccharomycetaceae	Schizosaccharomycetales		Schizosaccharomycetes	Taphrinomycotina	Ascomycota	Dikarya	Fungi	Eukaryota
schiJapo_YFS275	Schi_japo_yFS275	402676	Schizosaccharomyces japonicus yFS275		Schizosaccharomyces japonicus	Schizosaccharomyces	Schizosaccharomycetaceae	Schizosaccharomycetales		Schizosaccharomycetes	Taphrinomycotina	Ascomycota	Dikarya	Fungi	Eukaryota
schiOcto_YFS286	Schi_octo_yFS286	483514	Schizosaccharomyces octosporus yFS286		Schizosaccharomyces octosporus	Schizosaccharomyces	Schizosaccharomycetaceae	Schizosaccharomycetales		Schizosaccharomycetes	Taphrinomycotina	Ascomycota	Dikarya	Fungi	Eukaryota
schiPomb_972H	Schi_pomb_972h	4896	Schizosaccharomyces pombe		Schizosaccharomyces pombe	Schizosaccharomyces	Schizosaccharomycetaceae	Schizosaccharomycetales		Schizosaccharomycetes	Taphrinomycotina	Ascomycota	Dikarya	Fungi	Eukaryota
scleBore_F_4157	Scle_bore_F_4157	1432307	Sclerotinia borealis F-4128		Sclerotinia borealis	Sclerotinia	Sclerotiniaceae	Helotiales		Leotiomycetes	Pezizomycotina	Ascomycota	Dikarya	Fungi	Eukaryota
scleScle_1980_UF_70	Scle_scle_1980_UF_70	665079	Sclerotinia sclerotiorum 1980 UF-70		Sclerotinia sclerotiorum	Sclerotinia	Sclerotiniaceae	Helotiales		Leotiomycetes	Pezizomycotina	Ascomycota	Dikarya	Fungi	Eukaryota
serpLacr_VAR_LACRYMANS_S7_3	Serp_lacr_var_lacrymans_S7_3	936435	Serpula lacrymans var. lacrymans S7.3	Serpula lacrymans var. lacrymans	Serpula lacrymans	Serpula	Serpulaceae	Boletales	Agaricomycetidae	Agaricomycetes	Agaricomycotina	Basidiomycota	Dikarya	Fungi	Eukaryota
serpLacr_VAR_LACRYMANS_S7_9	Serp_lacr_var_lacrymans_S7_9	578457	Serpula lacrymans var. lacrymans S7.9	Serpula lacrymans var. lacrymans	Serpula lacrymans	Serpula	Serpulaceae	Boletales	Agaricomycetidae	Agaricomycetes	Agaricomycotina	Basidiomycota	Dikarya	Fungi	Eukaryota
spatArbo_UFMG_19_1A	Spat_arbo_UFMG_19_1A	1343157	Spathaspora arborariae UFMG-19.1A		Spathaspora arborariae	Spathaspora	Debaryomycetaceae	Saccharomycetales		Saccharomycetes	Saccharomycotina	Ascomycota	Dikarya	Fungi	Eukaryota
sphaPopu_P02_02B_P02_02B	Spha_popu_P02_02b_p02_02b	1136490	Sphaerulina populicola P02.02b		Sphaerulina populicola	Sphaerulina	Mycosphaerellaceae	Capnodiales	Dothideomycetidae	Dothideomycetes	Pezizomycotina	Ascomycota	Dikarya	Fungi	Eukaryota
sphaStel_SS14	Spha_stel_SS14	990650	Sphaerobolus stellatus SS14		Sphaerobolus stellatus	Sphaerobolus	Sphaerobolaceae	Geastrales	Phallomycetidae	Agaricomycetes	Agaricomycotina	Basidiomycota	Dikarya	Fungi	Eukaryota
sporReil_SRZ2	Spor_reil_SRZ2	999809	Sporisorium reilianum SRZ2		Sporisorium reilianum	Sporisorium	Ustilaginaceae	Ustilaginales		Ustilaginomycetes	Ustilaginomycotina	Basidiomycota	Dikarya	Fungi	Eukaryota
sporSche_ATCC58251	Spor_sche_ATCC_58251	1391915	Sporothrix schenckii ATCC 58251		Sporothrix schenckii	Sporothrix	Ophiostomataceae	Ophiostomatales	Sordariomycetidae	Sordariomycetes	Pezizomycotina	Ascomycota	Dikarya	Fungi	Eukaryota
sporScit_2014001	Spor_scit_2014001	49012	Sporisorium scitamineum		Sporisorium scitamineum	Sporisorium	Ustilaginaceae	Ustilaginales		Ustilaginomycetes	Ustilaginomycotina	Basidiomycota	Dikarya	Fungi	Eukaryota
stacChar_IBT_40288	Stac_char_IBT_40288	1283842	Stachybotrys chartarum IBT 40288		Stachybotrys chartarum	Stachybotrys	Stachybotryaceae	Hypocreales	Hypocreomycetidae	Sordariomycetes	Pezizomycotina	Ascomycota	Dikarya	Fungi	Eukaryota
stacChar_IBT_40293	Stac_char_IBT_40293	1280524	Stachybotrys chartarum IBT 40293		Stachybotrys chartarum	Stachybotrys	Stachybotryaceae	Hypocreales	Hypocreomycetidae	Sordariomycetes	Pezizomycotina	Ascomycota	Dikarya	Fungi	Eukaryota
stacChar_IBT_7711	Stac_char_IBT_7711	1280523	Stachybotrys chartarum IBT 7711		Stachybotrys chartarum	Stachybotrys	Stachybotryaceae	Hypocreales	Hypocreomycetidae	Sordariomycetes	Pezizomycotina	Ascomycota	Dikarya	Fungi	Eukaryota
stacChlo_IBT_40285	Stac_chlo_IBT_40285	1283841	Stachybotrys chlorohalonata IBT 40285		Stachybotrys chlorohalonata	Stachybotrys	Stachybotryaceae	Hypocreales	Hypocreomycetidae	Sordariomycetes	Pezizomycotina	Ascomycota	Dikarya	Fungi	Eukaryota
sterHirs_FP_91666_SS1	Ster_hirs_FP_91666_SS1	721885	Stereum hirsutum FP-91666 SS1		Stereum hirsutum	Stereum	Stereaceae	Russulales		Agaricomycetes	Agaricomycotina	Basidiomycota	Dikarya	Fungi	Eukaryota
suilLute_UH_SLU_LM8_N1	Suil_lute_UH_Slu_Lm8_n1	930992	Suillus luteus UH-Slu-Lm8-n1		Suillus luteus	Suillus	Suillaceae	Boletales	Agaricomycetidae	Agaricomycetes	Agaricomycotina	Basidiomycota	Dikarya	Fungi	Eukaryota
talaCell_Y_94	Tala_cell_Y_94	1472165	Talaromyces cellulolyticus		Talaromyces cellulolyticus	Talaromyces	Trichocomaceae	Eurotiales	Eurotiomycetidae	Eurotiomycetes	Pezizomycotina	Ascomycota	Dikarya	Fungi	Eukaryota
talaMarn_ATCC18224	Tala_marn_ATCC_18224	441960	Talaromyces marneffei ATCC 18224		Talaromyces marneffei	Talaromyces	Trichocomaceae	Eurotiales	Eurotiomycetidae	Eurotiomycetes	Pezizomycotina	Ascomycota	Dikarya	Fungi	Eukaryota
talaStip_ATCC10500	Tala_stip_ATCC_10500	441959	Talaromyces stipitatus ATCC 10500		Talaromyces stipitatus	Talaromyces	Trichocomaceae	Eurotiales	Eurotiomycetidae	Eurotiomycetes	Pezizomycotina	Ascomycota	Dikarya	Fungi	Eukaryota
taphDefo_PYCC_5710	Taph_defo_PYCC_5710	1097556	Taphrina deformans PYCC 5710		Taphrina deformans	Taphrina	Taphrinaceae	Taphrinales		Taphrinomycetes	Taphrinomycotina	Ascomycota	Dikarya	Fungi	Eukaryota
tetrBlat_CBS_6284	Tetr_blat_CBS_6284	1071380	Tetrapisispora blattae CBS 6284		Tetrapisispora blattae	Tetrapisispora	Saccharomycetaceae	Saccharomycetales		Saccharomycetes	Saccharomycotina	Ascomycota	Dikarya	Fungi	Eukaryota
tetrPhaf_CBS_4417	Tetr_phaf_CBS_4417	1071381	Tetrapisispora phaffii CBS 4417		Tetrapisispora phaffii	Tetrapisispora	Saccharomycetaceae	Saccharomycetales		Saccharomycetes	Saccharomycotina	Ascomycota	Dikarya	Fungi	Eukaryota
thieTerr_NRRL_8126	Thie_terr_NRRL_8126	578455	Thielavia terrestris NRRL 8126		Thielavia terrestris	Thielavia	Chaetomiaceae	Sordariales	Sordariomycetidae	Sordariomycetes	Pezizomycotina	Ascomycota	Dikarya	Fungi	Eukaryota
tognMini_UCRPA7	Togn_mini_UCRPA7	1286976	Phaeoacremonium minimum UCRPA7		Phaeoacremonium minimum	Phaeoacremonium	Togniniaceae	Togniniales	Sordariomycetidae	Sordariomycetes	Pezizomycotina	Ascomycota	Dikarya	Fungi	Eukaryota
toruDelb_CBS_1146	Toru_delb_CBS_1146	4950	Torulaspora delbrueckii		Torulaspora delbrueckii	Torulaspora	Saccharomycetaceae	Saccharomycetales		Saccharomycetes	Saccharomycotina	Ascomycota	Dikarya	Fungi	Eukaryota
tracHomi	Trac_homi	72359	Trachipleistophora hominis		Trachipleistophora hominis	Trachipleistophora	Pleistophoridae					Microsporidia		Fungi	Eukaryota
tremMese_DSM1558_FRIES	Trem_mese_DSM_1558_Fries	578456	Tremella mesenterica DSM 1558		Tremella mesenterica	Tremella	Tremellaceae	Tremellales		Tremellomycetes	Agaricomycotina	Basidiomycota	Dikarya	Fungi	Eukaryota
tricAsah_VAR_ASAHII_CBS_8904	Tric_asah_var_asahii_CBS_8904	1220162	Trichosporon asahii var. asahii CBS 8904	Trichosporon asahii var. asahii	Trichosporon asahii	Trichosporon	Trichosporonaceae	Trichosporonales		Tremellomycetes	Agaricomycotina	Basidiomycota	Dikarya	Fungi	Eukaryota
tricEqui_CBS_127_97	Tric_equi_CBS_127_97	559882	Trichophyton equinum CBS 127.97		Trichophyton equinum	Trichophyton	Arthrodermataceae	Onygenales	Eurotiomycetidae	Eurotiomycetes	Pezizomycotina	Ascomycota	Dikarya	Fungi	Eukaryota
tricHama_GD12	Tric_hama_GD12	1247866	Trichoderma hamatum GD12		Trichoderma hamatum	Trichoderma	Hypocreaceae	Hypocreales	Hypocreomycetidae	Sordariomycetes	Pezizomycotina	Ascomycota	Dikarya	Fungi	Eukaryota
tricInte_H6	Tric_inte_H6	1215336	Trichophyton interdigitale H6		Trichophyton interdigitale	Trichophyton	Arthrodermataceae	Onygenales	Eurotiomycetidae	Eurotiomycetes	Pezizomycotina	Ascomycota	Dikarya	Fungi	Eukaryota
tricLong_SMF2	Tric_long_SMF2	1234776	Trichoderma longibrachiatum SMF2		Trichoderma longibrachiatum	Trichoderma	Hypocreaceae	Hypocreales	Hypocreomycetidae	Sordariomycetes	Pezizomycotina	Ascomycota	Dikarya	Fungi	Eukaryota
tricRees_QM6A	Tric_rees_QM6a	431241	Trichoderma reesei QM6a		Trichoderma reesei	Trichoderma	Hypocreaceae	Hypocreales	Hypocreomycetidae	Sordariomycetes	Pezizomycotina	Ascomycota	Dikarya	Fungi	Eukaryota
tricRees_RUT_C_30	Tric_rees_RUT_C_30	1344414	Trichoderma reesei RUT C-30		Trichoderma reesei	Trichoderma	Hypocreaceae	Hypocreales	Hypocreomycetidae	Sordariomycetes	Pezizomycotina	Ascomycota	Dikarya	Fungi	Eukaryota
tricRubr_CBS_100081	Tric_rubr_CBS_100081	1215328	Trichophyton rubrum CBS 100081		Trichophyton rubrum	Trichophyton	Arthrodermataceae	Onygenales	Eurotiomycetidae	Eurotiomycetes	Pezizomycotina	Ascomycota	Dikarya	Fungi	Eukaryota
tricRubr_CBS_118892	Tric_rubr_CBS_118892	559305	Trichophyton rubrum CBS 118892		Trichophyton rubrum	Trichophyton	Arthrodermataceae	Onygenales	Eurotiomycetidae	Eurotiomycetes	Pezizomycotina	Ascomycota	Dikarya	Fungi	Eukaryota
tricRubr_CBS_202_88	Tric_rubr_CBS_202_88	1215334	Trichophyton rubrum CBS 202.88		Trichophyton rubrum	Trichophyton	Arthrodermataceae	Onygenales	Eurotiomycetidae	Eurotiomycetes	Pezizomycotina	Ascomycota	Dikarya	Fungi	Eukaryota
tricRubr_CBS_288_86	Tric_rubr_CBS_288_86	1215330	Trichophyton rubrum CBS 288.86		Trichophyton rubrum	Trichophyton	Arthrodermataceae	Onygenales	Eurotiomycetidae	Eurotiomycetes	Pezizomycotina	Ascomycota	Dikarya	Fungi	Eukaryota
tricRubr_CBS_289_86	Tric_rubr_CBS_289_86	1215329	Trichophyton rubrum CBS 289.86		Trichophyton rubrum	Trichophyton	Arthrodermataceae	Onygenales	Eurotiomycetidae	Eurotiomycetes	Pezizomycotina	Ascomycota	Dikarya	Fungi	Eukaryota
tricRubr_CBS_735_88	Tric_rubr_CBS_735_88	1215332	Trichophyton rubrum CBS 735.88		Trichophyton rubrum	Trichophyton	Arthrodermataceae	Onygenales	Eurotiomycetidae	Eurotiomycetes	Pezizomycotina	Ascomycota	Dikarya	Fungi	Eukaryota
tricRubr_MR1448	Tric_rubr_MR1448	1215339	Trichophyton rubrum MR1448		Trichophyton rubrum	Trichophyton	Arthrodermataceae	Onygenales	Eurotiomycetidae	Eurotiomycetes	Pezizomycotina	Ascomycota	Dikarya	Fungi	Eukaryota
tricRubr_MR1459	Tric_rubr_MR1459	1215341	Trichophyton rubrum MR1459		Trichophyton rubrum	Trichophyton	Arthrodermataceae	Onygenales	Eurotiomycetidae	Eurotiomycetes	Pezizomycotina	Ascomycota	Dikarya	Fungi	Eukaryota
tricRubr_MR850	Tric_rubr_MR850	1215337	Trichophyton rubrum MR850		Trichophyton rubrum	Trichophyton	Arthrodermataceae	Onygenales	Eurotiomycetidae	Eurotiomycetes	Pezizomycotina	Ascomycota	Dikarya	Fungi	Eukaryota
tricSoud_CBS_452_61	Tric_soud_CBS_452_61	1215331	Trichophyton soudanense CBS 452.61		Trichophyton soudanense	Trichophyton	Arthrodermataceae	Onygenales	Eurotiomycetidae	Eurotiomycetes	Pezizomycotina	Ascomycota	Dikarya	Fungi	Eukaryota
tricTons_CBS_112818	Tric_tons_CBS_112818	647933	Trichophyton tonsurans CBS 112818		Trichophyton tonsurans	Trichophyton	Arthrodermataceae	Onygenales	Eurotiomycetidae	Eurotiomycetes	Pezizomycotina	Ascomycota	Dikarya	Fungi	Eukaryota
tricVerr_HKI_0517	Tric_verr_HKI_0517	663202	Trichophyton verrucosum HKI 0517		Trichophyton verrucosum	Trichophyton	Arthrodermataceae	Onygenales	Eurotiomycetidae	Eurotiomycetes	Pezizomycotina	Ascomycota	Dikarya	Fungi	Eukaryota
tubeMela_MEL28	Tube_mela_Mel28	39416	Tuber melanosporum		Tuber melanosporum	Tuber	Tuberaceae	Pezizales		Pezizomycetes	Pezizomycotina	Ascomycota	Dikarya	Fungi	Eukaryota
umbiMueh_KOLRI_NO_LF000956	Umbi_mueh_KoLRI_No_LF000956	87280	Umbilicaria muehlenbergii		Umbilicaria muehlenbergii	Umbilicaria	Umbilicariaceae	Umbilicariales	Umbilicariomycetidae	Lecanoromycetes	Pezizomycotina	Ascomycota	Dikarya	Fungi	Eukaryota
unciRees_1704	Unci_rees_1704	336963	Uncinocarpus reesii 1704		Uncinocarpus reesii	Uncinocarpus	Onygenaceae	Onygenales	Eurotiomycetidae	Eurotiomycetes	Pezizomycotina	Ascomycota	Dikarya	Fungi	Eukaryota
uromVici_I2	Urom_vici_I2	55588	Uromyces viciae-fabae		Uromyces viciae-fabae	Uromyces	Pucciniaceae	Pucciniales		Pucciniomycetes	Pucciniomycotina	Basidiomycota	Dikarya	Fungi	Eukaryota
ustiMayd_521	Usti_mayd_521	237631	Ustilago maydis 521		Ustilago maydis	Ustilago	Ustilaginaceae	Ustilaginales		Ustilaginomycetes	Ustilaginomycotina	Basidiomycota	Dikarya	Fungi	Eukaryota
ustiVire_IPU010	Usti_vire_IPU010	1159556	Ustilaginoidea virens		Ustilaginoidea virens	Ustilaginoidea		Hypocreales	Hypocreomycetidae	Sordariomycetes	Pezizomycotina	Ascomycota	Dikarya	Fungi	Eukaryota
valsMali_03_8	Vals_mali_03_8	105487	Valsa mali		Valsa mali	Valsa	Valsaceae	Diaporthales	Sordariomycetidae	Sordariomycetes	Pezizomycotina	Ascomycota	Dikarya	Fungi	Eukaryota
valsMali_VAR_PYRI_SXYL134	Vals_mali_var_pyri_SXYL134	694573	Valsa mali var. pyri	Valsa mali var. pyri	Valsa mali	Valsa	Valsaceae	Diaporthales	Sordariomycetidae	Sordariomycetes	Pezizomycotina	Ascomycota	Dikarya	Fungi	Eukaryota
vandPoly_DSM70294	Vand_poly_DSM_70294	436907	Vanderwaltozyma polyspora DSM 70294		Vanderwaltozyma polyspora	Vanderwaltozyma	Saccharomycetaceae	Saccharomycetales		Saccharomycetes	Saccharomycotina	Ascomycota	Dikarya	Fungi	Eukaryota
vavrCuli_FLORIDENSIS	Vavr_culi_floridensis	948595	Vavraia culicis subsp. floridensis		Vavraia culicis	Vavraia	Pleistophoridae					Microsporidia		Fungi	Eukaryota
verrGall_CBS_43764	Verr_gall_CBS_43764	253628	Verruconis gallopava		Verruconis gallopava	Verruconis	Sympoventuriaceae	Venturiales		Dothideomycetes	Pezizomycotina	Ascomycota	Dikarya	Fungi	Eukaryota
vertAlfa_VAMS_102	Vert_alfa_VaMs_102	526221	Verticillium alfalfae VaMs.102		Verticillium alfalfae	Verticillium	Plectosphaerellaceae	Glomerellales	Hypocreomycetidae	Sordariomycetes	Pezizomycotina	Ascomycota	Dikarya	Fungi	Eukaryota
vertDahl_JR2	Vert_dahl_JR2	1202531	Verticillium dahliae JR2		Verticillium dahliae	Verticillium	Plectosphaerellaceae	Glomerellales	Hypocreomycetidae	Sordariomycetes	Pezizomycotina	Ascomycota	Dikarya	Fungi	Eukaryota
vertDahl_VDLS_17_1	Vert_dahl_VdLs_17_1	498257	Verticillium dahliae VdLs.17		Verticillium dahliae	Verticillium	Plectosphaerellaceae	Glomerellales	Hypocreomycetidae	Sordariomycetes	Pezizomycotina	Ascomycota	Dikarya	Fungi	Eukaryota
vittCorn_ATCC50505	Vitt_corn_ATCC_50505	993615	Vittaforma corneae ATCC 50505		Vittaforma corneae	Vittaforma	Nosematidae					Microsporidia		Fungi	Eukaryota
volvVolv_V23	Volv_volv_V23	706473	Volvariella volvacea V23		Volvariella volvacea	Volvariella	Pluteaceae	Agaricales	Agaricomycetidae	Agaricomycetes	Agaricomycotina	Basidiomycota	Dikarya	Fungi	Eukaryota
wickAnom_NRRL_Y_366	Wick_anom_NRRL_Y_366	885923	Wickerhamomyces anomalus NRRL Y-366		Wickerhamomyces anomalus	Wickerhamomyces	Phaffomycetaceae	Saccharomycetales		Saccharomycetes	Saccharomycotina	Ascomycota	Dikarya	Fungi	Eukaryota
wolfCoco_MD_104_SS10	Wolf_coco_MD_104_SS10	742152	Wolfiporia cocos MD-104 SS10		Wolfiporia cocos	Wolfiporia	Laetiporaceae	Polyporales		Agaricomycetes	Agaricomycotina	Basidiomycota	Dikarya	Fungi	Eukaryota
yarrLipo_CLIB122	Yarr_lipo_CLIB122	284591	Yarrowia lipolytica CLIB122		Yarrowia lipolytica	Yarrowia	Dipodascaceae	Saccharomycetales		Saccharomycetes	Saccharomycotina	Ascomycota	Dikarya	Fungi	Eukaryota
yarrLipo_PO1F	Yarr_lipo_PO1f	1445506	Yarrowia lipolytica PO1f		Yarrowia lipolytica	Yarrowia	Dipodascaceae	Saccharomycetales		Saccharomycetes	Saccharomycotina	Ascomycota	Dikarya	Fungi	Eukaryota
yarrLipo_WSH_Z06	Yarr_lipo_WSH_Z06	1437815	Yarrowia lipolytica WSH-Z06		Yarrowia lipolytica	Yarrowia	Dipodascaceae	Saccharomycetales		Saccharomycetes	Saccharomycotina	Ascomycota	Dikarya	Fungi	Eukaryota
zygoBail_CLIB_213	Zygo_bail_CLIB_213	1333698	Zygosaccharomyces bailii CLIB 213		Zygosaccharomyces bailii	Zygosaccharomyces	Saccharomycetaceae	Saccharomycetales		Saccharomycetes	Saccharomycotina	Ascomycota	Dikarya	Fungi	Eukaryota
zygoRoux_CBS_732	Zygo_roux_CBS_732	4956	Zygosaccharomyces rouxii		Zygosaccharomyces rouxii	Zygosaccharomyces	Saccharomycetaceae	Saccharomycetales		Saccharomycetes	Saccharomycotina	Ascomycota	Dikarya	Fungi	Eukaryota
